-- phpMyAdmin SQL Dump
-- version 4.9.7
-- https://www.phpmyadmin.net/
--
-- Host: localhost
-- Generation Time: May 04, 2023 at 07:19 PM
-- Server version: 10.4.21-MariaDB
-- PHP Version: 5.6.40

SET SQL_MODE = "NO_AUTO_VALUE_ON_ZERO";
SET AUTOCOMMIT = 0;
START TRANSACTION;
SET time_zone = "+00:00";


/*!40101 SET @OLD_CHARACTER_SET_CLIENT=@@CHARACTER_SET_CLIENT */;
/*!40101 SET @OLD_CHARACTER_SET_RESULTS=@@CHARACTER_SET_RESULTS */;
/*!40101 SET @OLD_COLLATION_CONNECTION=@@COLLATION_CONNECTION */;
/*!40101 SET NAMES utf8mb4 */;

--
-- Database: `cpekmut1_sortgame_new`
--

-- --------------------------------------------------------

--
-- Table structure for table `admins`
--

CREATE TABLE `admins` (
  `adminId` int(11) NOT NULL,
  `name` varchar(255) NOT NULL,
  `password` varchar(255) NOT NULL
) ENGINE=InnoDB DEFAULT CHARSET=utf8mb4;

--
-- Dumping data for table `admins`
--

INSERT INTO `admins` (`adminId`, `name`, `password`) VALUES
(1, 'Natasha Dejdumrong', 'cpe.natasha'),
(2, 'Taweechai Nuntawisuttiwong', 'cpe.taweechai'),
(3, 'Wipada Wantaratorn', '10602842');

-- --------------------------------------------------------

--
-- Table structure for table `backgroundpics`
--

CREATE TABLE `backgroundpics` (
  `bgPicId` int(11) NOT NULL,
  `name` varchar(255) NOT NULL,
  `picture` varchar(255) NOT NULL
) ENGINE=InnoDB DEFAULT CHARSET=utf8mb4;

--
-- Dumping data for table `backgroundpics`
--

INSERT INTO `backgroundpics` (`bgPicId`, `name`, `picture`) VALUES
(1, 'Beach', '../backgroundPics/beach.jpg'),
(2, 'Cave Door', '../backgroundPics/cavedoor.png'),
(3, 'Death\'s House', '../backgroundPics/darkhouse.png'),
(4, 'Dark Village', '../backgroundPics/darkvillage.png'),
(5, 'Desert Cave', '../backgroundPics/desertcave.png'),
(6, 'Earth Village', '../backgroundPics/earthvillage.jpg'),
(7, 'Fire Village', '../backgroundPics/firevillage.jpg'),
(8, 'Hill Cave', '../backgroundPics/hillcave.png'),
(9, 'Ice Village', '../backgroundPics/icevillage.jpg'),
(10, 'Inside the volcano', '../backgroundPics/insidevolcano.jpg'),
(11, 'Light Village', '../backgroundPics/lightvillage.png'),
(12, 'Path to Volcano', '../backgroundPics/plaintovolcano.png'),
(13, 'Behind the volcano', '../backgroundPics/rockyhill.jpg'),
(14, 'Bridge to snow field', '../backgroundPics/snowbridge.png'),
(15, 'Snow Field', '../backgroundPics/snowfield.jpg'),
(16, 'Space Palace Core', '../backgroundPics/spacepalacecore.jpg'),
(17, 'Space Palace Front', '../backgroundPics/spacepalacefront.jpg'),
(18, 'Space Palace Hall', '../backgroundPics/spacepalacehall.png'),
(19, 'Water Village', '../backgroundPics/watervillage.png'),
(20, 'Wind Village', '../backgroundPics/windvillage.png'),
(21, 'Bedroom', '../backgroundPics/pcroom.png'),
(22, 'hillCastle', '../backgroundPics/hillCastle.jpg');

-- --------------------------------------------------------

--
-- Table structure for table `battlesdetail`
--

CREATE TABLE `battlesdetail` (
  `bDescId` int(11) NOT NULL,
  `questId` int(11) NOT NULL,
  `bDesc` longtext DEFAULT NULL,
  `wave` int(11) NOT NULL
) ENGINE=InnoDB DEFAULT CHARSET=utf8mb4;

--
-- Dumping data for table `battlesdetail`
--

INSERT INTO `battlesdetail` (`bDescId`, `questId`, `bDesc`, `wave`) VALUES
(1, 4, 'You can attack by clicking skill!\n(Ps. Aesir Wish is a skill which increases our HP and Defend is a skill for defending. Both skills aren\'t for attacking so decide wisely.)', 2),
(2, 11, 'Mushrooms can nullify water but weak to fire while Snails here can nullify fire instead! But it still hates water.', 2),
(3, 15, 'Mushrooms still hate fire and slimes really hate rocks.\n(Ps. Find Min Function can be used when doing Selection Sort or clicking Naturia Seeds skill. Also, you can only use maximum 3 skills so choose wisely.)', 2),
(4, 19, 'Divide Function is for dividing while Merge Function is for merging 2 groups next to each other into a group.', 2),
(5, 23, 'Partition Function is an only function which requires you to select after clicking Done once. Make sure to read instruction!', 2),
(6, 27, 'Using Heap Function first time will arrange data into Heap but after that, data is arranged into Heap once more.', 2),
(7, 31, 'Get Cumulative Count Function shows cumulative frequencies in form of table and Move Function moves values to another row.', 2),
(8, 35, 'Monsters here have resistances similar to the one used to face but they are a lot stronger. It seems that there are snails, mushrooms and slimes.', 3),
(9, 37, 'This time, there are golems and ghosts! Arrange team well!', 2),
(10, 38, 'This time, we have Trishula and Egul. What are they? Monsters from Gusto and Crystron! However, they aren\'t mutant so think well.', 2),
(11, 40, 'Hint: First Demon hates water, fire and rock. Second Demon hates darkness and light. Last Demon hates ice and wind.', 3),
(12, 44, 'Those snails still hate water like before!', 3),
(13, 45, 'Mushrooms here still hate fire, but it really loves water!', 3),
(14, 46, 'This slime is stronger than usual. Be careful!', 3),
(15, 47, 'Golems seem to be able to unleash their full power in bright place!', 3),
(16, 48, 'When they are near their hometown, they are more powerful.', 3),
(17, 49, 'When ghosts are in dark place, they become stronger!', 3),
(18, 50, 'They are tougher than usual! Careful!', 3),
(19, 51, 'Those monsters have same weakness, but their size is not only thing which is big.', 3),
(20, 52, 'Those monsters have same weakness, but their size is not only thing which is big.', 2),
(21, 53, 'Those monsters have same weakness, but their size is not only thing which is big.', 2),
(22, 54, 'This quest doesn\'t care how powerful you are! Because! You can\'t hit it and it can\'t also hit you!', 1);

-- --------------------------------------------------------

--
-- Table structure for table `chapters`
--

CREATE TABLE `chapters` (
  `chId` int(11) NOT NULL,
  `qCatId` int(11) NOT NULL,
  `name` varchar(255) NOT NULL
) ENGINE=InnoDB DEFAULT CHARSET=utf8mb4;

--
-- Dumping data for table `chapters`
--

INSERT INTO `chapters` (`chId`, `qCatId`, `name`) VALUES
(1, 1, 'Chapter Test - Adventure of a hero from the sky'),
(4, 2, 'Chapter Level'),
(5, 3, 'Chapter Hard');

-- --------------------------------------------------------

--
-- Table structure for table `characters`
--

CREATE TABLE `characters` (
  `charId` int(11) NOT NULL,
  `hp` int(11) NOT NULL,
  `skillId` int(11) NOT NULL,
  `requireQuest` int(11) DEFAULT NULL,
  `name` varchar(255) NOT NULL,
  `spriteId` int(11) NOT NULL
) ENGINE=InnoDB DEFAULT CHARSET=utf8mb4;

--
-- Dumping data for table `characters`
--

INSERT INTO `characters` (`charId`, `hp`, `skillId`, `requireQuest`, `name`, `spriteId`) VALUES
(1, 100, 8, 2, 'Silver', 10),
(2, 100, 1, 2, 'Nessies\' Water Magic', 11),
(3, 180, 2, 9, 'Avalis\' Fire Power', 16),
(4, 260, 3, 14, 'Tigers\' Connection to Earth', 17),
(5, 320, 4, 26, 'Griffon\'s Speed of the Wind', 13),
(6, 260, 5, 18, 'Draconians\' Dark Assassination', 14),
(7, 300, 6, 22, 'Dragonborns\' Light Nobility', 15),
(8, 340, 7, 30, 'Foxes\' Icy Sharpness', 12);

-- --------------------------------------------------------

--
-- Table structure for table `choices`
--

CREATE TABLE `choices` (
  `choiceId` int(11) NOT NULL,
  `quizId` int(11) NOT NULL,
  `label` varchar(255) NOT NULL
) ENGINE=InnoDB DEFAULT CHARSET=utf8mb4;

--
-- Dumping data for table `choices`
--

INSERT INTO `choices` (`choiceId`, `quizId`, `label`) VALUES
(253, 143, 'First hole in Divide'),
(254, 143, 'First hole in Merge'),
(255, 144, 'Average Case'),
(256, 144, 'Worst Case'),
(257, 144, 'Best Case'),
(258, 145, 'Worst Case'),
(259, 145, 'Average Case'),
(260, 145, 'Best Case'),
(261, 146, 'ตัวเลือก'),
(262, 147, 'Choice'),
(263, 148, 'Average Case'),
(264, 148, 'Worst Case'),
(265, 148, 'Best Case'),
(266, 149, 'Reason of finding cumulative frequencies.'),
(267, 149, 'Cumulative Frequencies ของ [1, 2, 2, 2, 3, 3]'),
(268, 150, 'Average Case'),
(269, 150, 'Worst Case'),
(270, 150, 'Best Case'),
(271, 151, 'Choice'),
(272, 152, 'Choice'),
(273, 153, 'Choice'),
(274, 154, 'Choice'),
(275, 155, 'Choice'),
(276, 156, 'Choice'),
(277, 157, 'Choice'),
(287, 162, 'First Hole'),
(288, 162, 'Second Hole'),
(289, 163, 'Worst Case'),
(290, 163, 'Average Case'),
(291, 163, 'Best Case'),
(292, 164, 'ตัวเลือก'),
(293, 165, 'Average Case'),
(294, 165, 'Worst Case'),
(295, 165, 'Best Case'),
(296, 166, 'First Hole'),
(297, 166, 'Second Hole'),
(298, 166, 'Third Hole'),
(299, 166, 'Fourth Hole'),
(300, 167, 'Best Case'),
(301, 167, 'Average Case'),
(302, 167, 'Worst Case');

-- --------------------------------------------------------

--
-- Table structure for table `elementresistance`
--

CREATE TABLE `elementresistance` (
  `mobId` int(11) NOT NULL,
  `elemId` int(11) NOT NULL,
  `resId` int(11) NOT NULL
) ENGINE=InnoDB DEFAULT CHARSET=utf8mb4;

--
-- Dumping data for table `elementresistance`
--

INSERT INTO `elementresistance` (`mobId`, `elemId`, `resId`) VALUES
(1, 3, 1),
(1, 6, 1),
(2, 3, 1),
(3, 7, 1),
(4, 6, 1),
(11, 4, 1),
(13, 7, 1),
(14, 4, 1),
(15, 1, 1),
(16, 2, 1),
(17, 3, 1),
(18, 5, 1),
(19, 4, 1),
(20, 7, 1),
(21, 6, 1),
(22, 1, 1),
(22, 2, 1),
(22, 3, 1),
(23, 5, 1),
(23, 6, 1),
(24, 4, 1),
(24, 7, 1),
(29, 4, 1),
(31, 7, 1),
(32, 1, 1),
(33, 2, 1),
(34, 3, 1),
(35, 5, 1),
(36, 6, 1),
(37, 4, 1),
(38, 7, 1),
(1, 1, 2),
(2, 1, 2),
(3, 1, 2),
(4, 2, 2),
(5, 2, 2),
(6, 3, 2),
(7, 5, 2),
(8, 3, 2),
(9, 6, 2),
(10, 5, 2),
(11, 7, 2),
(12, 6, 2),
(25, 1, 2),
(26, 2, 2),
(27, 3, 2),
(28, 5, 2),
(30, 6, 2),
(1, 2, 3),
(1, 4, 3),
(1, 5, 3),
(1, 7, 3),
(2, 2, 3),
(2, 4, 3),
(2, 5, 3),
(2, 6, 3),
(2, 7, 3),
(3, 4, 3),
(4, 7, 3),
(5, 6, 3),
(6, 4, 3),
(7, 2, 3),
(8, 2, 3),
(8, 6, 3),
(9, 1, 3),
(9, 4, 3),
(10, 1, 3),
(10, 7, 3),
(12, 5, 3),
(13, 3, 3),
(14, 3, 3),
(3, 2, 4),
(3, 3, 4),
(3, 5, 4),
(3, 6, 4),
(4, 1, 4),
(4, 3, 4),
(4, 4, 4),
(4, 5, 4),
(5, 1, 4),
(5, 3, 4),
(5, 4, 4),
(5, 5, 4),
(5, 7, 4),
(6, 2, 4),
(6, 6, 4),
(7, 1, 4),
(7, 4, 4),
(7, 6, 4),
(7, 7, 4),
(8, 4, 4),
(8, 5, 4),
(9, 2, 4),
(9, 5, 4),
(10, 4, 4),
(10, 6, 4),
(11, 2, 4),
(11, 3, 4),
(12, 2, 4),
(12, 4, 4),
(13, 4, 4),
(14, 5, 4),
(14, 6, 4),
(14, 7, 4),
(15, 2, 4),
(15, 3, 4),
(16, 1, 4),
(16, 3, 4),
(17, 1, 4),
(17, 2, 4),
(18, 4, 4),
(19, 7, 4),
(20, 4, 4),
(21, 4, 4),
(21, 5, 4),
(25, 2, 4),
(25, 3, 4),
(25, 4, 4),
(25, 5, 4),
(25, 6, 4),
(25, 7, 4),
(26, 3, 4),
(26, 4, 4),
(26, 5, 4),
(26, 6, 4),
(26, 7, 4),
(27, 4, 4),
(27, 5, 4),
(27, 6, 4),
(27, 7, 4),
(28, 1, 4),
(28, 2, 4),
(28, 4, 4),
(28, 7, 4),
(29, 2, 4),
(29, 5, 4),
(29, 6, 4),
(29, 7, 4),
(30, 2, 4),
(31, 2, 4),
(31, 3, 4),
(31, 4, 4),
(31, 6, 4),
(39, 1, 4),
(39, 2, 4),
(39, 3, 4),
(39, 4, 4),
(39, 5, 4),
(39, 6, 4),
(39, 7, 4),
(9, 3, 5),
(10, 2, 5),
(11, 5, 5),
(11, 6, 5),
(13, 1, 5),
(13, 2, 5),
(13, 5, 5),
(13, 6, 5),
(14, 2, 5),
(15, 4, 5),
(15, 5, 5),
(15, 6, 5),
(15, 7, 5),
(16, 4, 5),
(16, 5, 5),
(16, 6, 5),
(16, 7, 5),
(17, 4, 5),
(17, 5, 5),
(17, 6, 5),
(17, 7, 5),
(18, 1, 5),
(18, 2, 5),
(18, 3, 5),
(18, 6, 5),
(18, 7, 5),
(19, 1, 5),
(19, 2, 5),
(19, 3, 5),
(19, 5, 5),
(19, 6, 5),
(20, 1, 5),
(20, 2, 5),
(20, 3, 5),
(20, 5, 5),
(20, 6, 5),
(21, 1, 5),
(21, 2, 5),
(21, 3, 5),
(21, 7, 5),
(22, 5, 5),
(22, 6, 5),
(23, 4, 5),
(23, 7, 5),
(24, 1, 5),
(24, 2, 5),
(24, 3, 5),
(27, 2, 5),
(28, 6, 5),
(29, 1, 5),
(29, 3, 5),
(30, 3, 5),
(30, 4, 5),
(31, 1, 5),
(32, 2, 5),
(32, 3, 5),
(32, 4, 5),
(32, 5, 5),
(32, 6, 5),
(32, 7, 5),
(33, 1, 5),
(33, 3, 5),
(33, 4, 5),
(33, 5, 5),
(33, 6, 5),
(33, 7, 5),
(34, 1, 5),
(34, 2, 5),
(34, 4, 5),
(34, 5, 5),
(34, 6, 5),
(34, 7, 5),
(35, 1, 5),
(35, 2, 5),
(35, 3, 5),
(35, 4, 5),
(35, 6, 5),
(35, 7, 5),
(36, 1, 5),
(36, 2, 5),
(36, 3, 5),
(36, 4, 5),
(36, 5, 5),
(36, 7, 5),
(37, 1, 5),
(37, 2, 5),
(37, 3, 5),
(37, 5, 5),
(37, 6, 5),
(37, 7, 5),
(38, 1, 5),
(38, 2, 5),
(38, 3, 5),
(38, 4, 5),
(38, 5, 5),
(38, 6, 5),
(6, 1, 6),
(6, 5, 6),
(6, 7, 6),
(7, 3, 6),
(8, 1, 6),
(8, 7, 6),
(9, 7, 6),
(10, 3, 6),
(11, 1, 6),
(12, 1, 6),
(12, 3, 6),
(12, 7, 6),
(14, 1, 6),
(22, 4, 6),
(22, 7, 6),
(23, 1, 6),
(23, 2, 6),
(23, 3, 6),
(24, 5, 6),
(24, 6, 6),
(26, 1, 6),
(27, 1, 6),
(28, 3, 6),
(30, 1, 6),
(30, 5, 6),
(30, 7, 6),
(31, 5, 6);

-- --------------------------------------------------------

--
-- Table structure for table `elements`
--

CREATE TABLE `elements` (
  `elemId` int(11) NOT NULL,
  `name` varchar(255) NOT NULL,
  `sort` varchar(255) NOT NULL,
  `requireQuest` int(11) DEFAULT NULL
) ENGINE=InnoDB DEFAULT CHARSET=utf8mb4;

--
-- Dumping data for table `elements`
--

INSERT INTO `elements` (`elemId`, `name`, `sort`, `requireQuest`) VALUES
(1, 'Water', 'bubble', 2),
(2, 'Fire', 'insertion', 9),
(3, 'Earth', 'selection', 14),
(4, 'Wind', 'heap', 26),
(5, 'Dark', 'merge', 18),
(6, 'Light', 'quick', 22),
(7, 'Ice', 'counting', 30),
(8, 'Divine', 'random', 2);

-- --------------------------------------------------------

--
-- Table structure for table `groupmembers`
--

CREATE TABLE `groupmembers` (
  `groupId` int(11) NOT NULL,
  `userId` int(11) NOT NULL
) ENGINE=InnoDB DEFAULT CHARSET=utf8mb4;

--
-- Dumping data for table `groupmembers`
--

INSERT INTO `groupmembers` (`groupId`, `userId`) VALUES
(1, 2),
(1, 3),
(1, 4),
(1, 5),
(2, 6),
(2, 7),
(3, 8),
(3, 9),
(3, 10),
(3, 11),
(3, 12),
(3, 13),
(3, 14),
(3, 15),
(3, 16),
(3, 17),
(3, 18),
(3, 19),
(3, 20),
(3, 21),
(3, 22),
(3, 23),
(3, 24),
(3, 25),
(3, 26),
(3, 27),
(3, 28),
(3, 29),
(3, 30),
(3, 31),
(3, 32),
(3, 33),
(3, 34),
(3, 35),
(3, 36),
(3, 37),
(3, 38),
(3, 39),
(3, 40),
(3, 41),
(3, 42),
(3, 43),
(3, 44),
(3, 45),
(3, 46),
(3, 47),
(3, 48),
(3, 49),
(3, 50),
(3, 51),
(3, 52),
(3, 53),
(3, 54),
(3, 55),
(3, 56),
(3, 57),
(3, 58),
(3, 59),
(3, 60),
(3, 61),
(3, 62),
(3, 63),
(3, 64),
(3, 65),
(3, 66),
(3, 67),
(3, 68),
(3, 69),
(3, 70),
(3, 71),
(3, 72),
(3, 73),
(3, 74),
(3, 75),
(3, 76),
(3, 77),
(3, 78),
(3, 79),
(3, 80),
(3, 81),
(3, 82);

-- --------------------------------------------------------

--
-- Table structure for table `library`
--

CREATE TABLE `library` (
  `bookId` int(11) NOT NULL,
  `title` varchar(255) NOT NULL,
  `contentFile` varchar(255) NOT NULL,
  `requireQuest` int(11) DEFAULT NULL
) ENGINE=InnoDB DEFAULT CHARSET=utf8mb4;

--
-- Dumping data for table `library`
--

INSERT INTO `library` (`bookId`, `title`, `contentFile`, `requireQuest`) VALUES
(1, 'Big O Notation', '../libraryContent/bigo.html', 2),
(2, 'Design Strategy', '../libraryContent/designstategy.html', 2),
(3, 'Bubble Sort', '../libraryContent/bubble.html', 2),
(4, 'Insertion Sort', '../libraryContent/insertion.html', 9),
(5, 'Selection Sort', '../libraryContent/selection.html', 14),
(6, 'Merge Sort', '../libraryContent/merge.html', 18),
(7, 'Quick Sort', '../libraryContent/quick.html', 22),
(8, 'Heap Sort', '../libraryContent/heap.html', 26),
(9, 'Distribution Counting Sort', '../libraryContent/counting.html', 30);

-- --------------------------------------------------------

--
-- Table structure for table `monsters`
--

CREATE TABLE `monsters` (
  `mobId` int(11) NOT NULL,
  `name` varchar(255) NOT NULL,
  `hp` int(11) NOT NULL,
  `spriteId` int(11) NOT NULL,
  `attack` int(11) NOT NULL
) ENGINE=InnoDB DEFAULT CHARSET=utf8mb4;

--
-- Dumping data for table `monsters`
--

INSERT INTO `monsters` (`mobId`, `name`, `hp`, `spriteId`, `attack`) VALUES
(1, 'Snail Weak I', 200, 21, 6),
(2, 'Snail Weak II', 300, 21, 8),
(3, 'Snail Normal I', 1600, 21, 18),
(4, 'Mushroom Weak I', 200, 22, 18),
(5, 'Mushroom Normal I', 1600, 22, 26),
(6, 'Slime Weak I', 200, 19, 13),
(7, 'Golem Weak I', 400, 23, 26),
(8, 'Slime Normal I', 2400, 19, 13),
(9, 'Ghost Weak I', 400, 24, 60),
(10, 'Golem Normal I', 4000, 23, 50),
(11, 'Trishula Weak I', 300, 25, 80),
(12, 'Ghost Normal I', 6000, 24, 75),
(13, 'Egul Weak I', 300, 27, 100),
(14, 'Trishula Normal I', 6800, 25, 80),
(15, 'Snail Hard I', 9000, 21, 100),
(16, 'Mushroom Hard I', 9000, 22, 100),
(17, 'Slime Hard I', 9000, 19, 100),
(18, 'Golem Hard I', 9000, 23, 150),
(19, 'Egul Hard I', 9000, 26, 150),
(20, 'Trishula Hard I', 9000, 25, 150),
(21, 'Ghost Hard I', 9000, 24, 150),
(22, 'Demon First Body', 12000, 18, 200),
(23, 'Demon Second Body', 12000, 18, 200),
(24, 'Demon Last Body', 12000, 18, 200),
(25, 'Snail Normal II', 1400, 21, 15),
(26, 'Mushroom Normal II', 1800, 22, 30),
(27, 'Slime Normal II', 2000, 19, 10),
(28, 'Golem Normal II', 3500, 23, 45),
(29, 'Egul Normal I', 6000, 26, 75),
(30, 'Ghost Normal II', 5900, 24, 70),
(31, 'Trishula Normal II', 8000, 25, 100),
(32, 'Snail Hard II', 6000, 21, 500),
(33, 'Mushroom Hard II', 6000, 22, 500),
(34, 'Slime Hard II', 6000, 19, 500),
(35, 'Golem Hard II', 9000, 23, 750),
(36, 'Ghost Hard II', 9000, 24, 750),
(37, 'Egul Hard II', 12000, 26, 1000),
(38, 'Trishula Hard II', 12000, 25, 1000),
(39, 'Immortal Weak Mutant Egul', 10, 27, 0);

--
-- Triggers `monsters`
--
DELIMITER $$
CREATE TRIGGER `prevent insert same name` BEFORE INSERT ON `monsters` FOR EACH ROW IF EXISTS (SELECT m.name FROM monsters AS m WHERE m.name = NEW.name) THEN SET NEW.name = CONCAT(NEW.name, "_dupe"); END IF
$$
DELIMITER ;
DELIMITER $$
CREATE TRIGGER `prevent update same name` BEFORE UPDATE ON `monsters` FOR EACH ROW IF EXISTS (SELECT m.name FROM monsters AS m WHERE m.name = NEW.name) THEN SET NEW.name = CONCAT(NEW.name, "_dupe"); END IF
$$
DELIMITER ;

-- --------------------------------------------------------

--
-- Table structure for table `options`
--

CREATE TABLE `options` (
  `optionId` int(11) NOT NULL,
  `choiceId` int(11) NOT NULL,
  `text` varchar(255) NOT NULL,
  `correct` tinyint(1) NOT NULL
) ENGINE=InnoDB DEFAULT CHARSET=utf8mb4;

--
-- Dumping data for table `options`
--

INSERT INTO `options` (`optionId`, `choiceId`, `text`, `correct`) VALUES
(949, 253, 'ceil(l + r / 2)', 0),
(950, 253, 'ceil((l + r) / 2)', 0),
(951, 253, 'floor((l + r) / 2)', 1),
(952, 253, 'floor(l + r / 2)', 0),
(953, 254, 'A[l + i] < A[m + 1 + j]', 1),
(954, 254, 'A[l + i] > A[m + 1 + j]', 0),
(955, 254, 'A[l + k] > A[m + 1 + k]', 0),
(956, 254, 'A[l + k] < A[m + 1 + k]', 0),
(957, 255, 'O(n)', 0),
(958, 255, 'O(log n)', 0),
(959, 255, 'O(n log n)', 1),
(960, 255, 'O(n ^ 2)', 0),
(961, 256, 'O(1)', 0),
(962, 256, 'O(log n)', 0),
(963, 256, 'O(n log n)', 1),
(964, 256, 'O(2 ^ n)', 0),
(965, 257, 'O(1)', 0),
(966, 257, 'O(log n)', 0),
(967, 257, 'O(n log n)', 1),
(968, 257, 'O(2 ^ n)', 0),
(969, 258, 'O(n)', 0),
(970, 258, 'O(n log n)', 0),
(971, 258, 'O(log n)', 0),
(972, 258, 'O(n ^ 2)', 1),
(973, 259, 'O(n)', 0),
(974, 259, 'O(n log n)', 1),
(975, 259, 'O(log n)', 0),
(976, 259, 'O(n ^ 2)', 0),
(977, 260, 'O(n)', 0),
(978, 260, 'O(n log n)', 1),
(979, 260, 'O(log n)', 0),
(980, 260, 'O(n ^ 2)', 0),
(981, 261, 'Don\'t swap Pivot and last value.', 1),
(982, 261, 'Swap Pivot and first value before doing partition.', 0),
(983, 262, 'Make the highest value at the first position.', 1),
(984, 262, 'Make the lowest value at the first position.', 0),
(985, 262, 'Make the highest value at the last position.', 0),
(986, 262, 'Make the lowest value at the last position.', 0),
(987, 263, 'O(log n)', 0),
(988, 263, 'O(n log n)', 1),
(989, 263, 'O(n ^ 2)', 0),
(990, 263, 'O(n)', 0),
(991, 264, 'O(log n)', 0),
(992, 264, 'O(n log n)', 1),
(993, 264, 'O(n ^ 2)', 0),
(994, 264, 'O(n)', 0),
(995, 265, 'O(log n)', 0),
(996, 265, 'O(n log n)', 1),
(997, 265, 'O(n ^ 2)', 0),
(998, 265, 'O(n)', 0),
(999, 266, 'Find the highest value.', 0),
(1000, 266, 'Find the lowest value.', 0),
(1001, 266, 'Find position of each value', 1),
(1002, 267, '[[1,2,3][1,3,2]]', 0),
(1003, 267, '[[1,2,3][1,4,6]]', 1),
(1004, 268, 'O(n^2 + k)', 0),
(1005, 268, 'O(n^(2 + k))', 0),
(1006, 268, 'O(n + k)', 1),
(1007, 268, 'O(log n + k)', 0),
(1008, 269, 'O(n^2 + k)', 0),
(1009, 269, 'O(n^(2 + k))', 0),
(1010, 269, 'O(n + k)', 1),
(1011, 269, 'O(log n + k)', 0),
(1012, 270, 'O(n^2 + k)', 0),
(1013, 270, 'O(n^(2 + k))', 0),
(1014, 270, 'O(n + k)', 1),
(1015, 270, 'O(log n + k)', 0),
(1016, 271, 'Insertion Sort', 1),
(1017, 271, 'Selection Sort', 0),
(1018, 271, 'Bubble Sort', 0),
(1019, 271, 'Heap Sort', 0),
(1020, 272, 'Insertion Sort', 0),
(1021, 272, 'Selection Sort', 0),
(1022, 272, 'Bubble Sort', 1),
(1023, 272, 'Heap Sort', 0),
(1024, 273, 'Insertion Sort', 0),
(1025, 273, 'Selection Sort', 1),
(1026, 273, 'Bubble Sort', 0),
(1027, 273, 'Heap Sort', 0),
(1028, 274, 'Merge Sort', 1),
(1029, 274, 'Quick Sort', 0),
(1030, 274, 'Heap Sort', 0),
(1031, 274, 'Distribution Counting Sort', 0),
(1032, 275, 'Merge Sort', 0),
(1033, 275, 'Quick Sort', 1),
(1034, 275, 'Heap Sort', 0),
(1035, 275, 'Distribution Counting Sort', 0),
(1036, 276, 'Merge Sort', 0),
(1037, 276, 'Quick Sort', 0),
(1038, 276, 'Heap Sort', 1),
(1039, 276, 'Distribution Counting Sort', 0),
(1040, 277, 'Merge Sort', 0),
(1041, 277, 'Quick Sort', 0),
(1042, 277, 'Heap Sort', 0),
(1043, 277, 'Distribution Counting Sort', 1),
(1077, 287, 'A[j] > A[j-1]', 0),
(1078, 287, 'A[i] > A[i-1]', 0),
(1079, 287, 'A[j] < A[j-1]', 1),
(1080, 287, 'A[i] < A[i-1]', 0),
(1081, 288, 'Swap(A[i], A[i-1])', 0),
(1082, 288, 'Swap(A[j], A[j-1])', 1),
(1083, 289, 'O(n^2)', 1),
(1084, 289, 'O(n)', 0),
(1085, 289, 'O(n log n)', 0),
(1086, 289, 'O(2^n)', 0),
(1087, 290, 'O(n^2)', 1),
(1088, 290, 'O(n)', 0),
(1089, 290, 'O(n log n)', 0),
(1090, 290, 'O(2^n)', 0),
(1091, 291, 'O(n^2)', 0),
(1092, 291, 'O(n)', 1),
(1093, 291, 'O(n log n)', 0),
(1094, 291, 'O(2^n)', 0),
(1095, 292, 'Wrong method for finding the lowest value.', 0),
(1096, 292, 'Swap at wrong place.', 1),
(1097, 292, 'for loop must loop until i < n', 0),
(1098, 293, 'O(n)', 0),
(1099, 293, 'O(1)', 0),
(1100, 293, 'O(n^2)', 1),
(1101, 293, 'O(n log n)', 0),
(1102, 294, 'O(n)', 0),
(1103, 294, 'O(1)', 0),
(1104, 294, 'O(n^2)', 1),
(1105, 294, 'O(n log n)', 0),
(1106, 295, 'O(n)', 0),
(1107, 295, 'O(1)', 0),
(1108, 295, 'O(n^2)', 1),
(1109, 295, 'O(n log n)', 0),
(1110, 296, 'n-1', 1),
(1111, 296, 'n', 0),
(1112, 296, 'n+1', 0),
(1113, 297, 'n', 0),
(1114, 297, 'n-1', 0),
(1115, 297, 'n-i', 1),
(1116, 297, 'n+1', 0),
(1117, 298, 'A[j+1] < A[j]', 1),
(1118, 298, 'A[j+1] > A[j]', 0),
(1119, 298, 'A[j-1] < A[j]', 0),
(1120, 298, 'A[j-1] > A[j]', 0),
(1121, 299, 'Swap(A[j], A[j+1])', 1),
(1122, 299, 'Swap(A[j], A[j-1])', 0),
(1123, 300, 'O(n)', 1),
(1124, 300, 'O(n^2)', 0),
(1125, 300, 'O(2^n)', 0),
(1126, 300, 'O(n!)', 0),
(1127, 301, 'O(n)', 0),
(1128, 301, 'O(n^2)', 1),
(1129, 301, 'O(2^n)', 0),
(1130, 301, 'O(n!)', 0),
(1131, 302, 'O(n)', 0),
(1132, 302, 'O(n^2)', 1),
(1133, 302, 'O(2^n)', 0),
(1134, 302, 'O(n!)', 0);

-- --------------------------------------------------------

--
-- Table structure for table `players`
--

CREATE TABLE `players` (
  `playerId` int(11) NOT NULL,
  `userId` int(11) NOT NULL,
  `charId` int(11) NOT NULL,
  `exp` int(11) NOT NULL,
  `inTeam` tinyint(1) DEFAULT 0
) ENGINE=InnoDB DEFAULT CHARSET=utf8mb4;

--
-- Dumping data for table `players`
--

INSERT INTO `players` (`playerId`, `userId`, `charId`, `exp`, `inTeam`) VALUES
(6, 2, 1, 59786, 0),
(7, 2, 2, 52920, 1),
(9, 2, 3, 53363, 1),
(10, 2, 4, 53474, 1),
(11, 2, 6, 52734, 0),
(12, 2, 7, 50249, 0),
(13, 2, 5, 47837, 0),
(14, 2, 8, 44904, 0),
(15, 4, 1, 130, 1),
(16, 4, 2, 130, 1),
(18, 3, 1, 26314, 1),
(19, 3, 2, 20783, 0),
(21, 3, 3, 19639, 0),
(22, 3, 4, 19074, 0),
(23, 3, 6, 20029, 0),
(24, 3, 7, 19572, 1),
(25, 3, 5, 5856, 1),
(26, 6, 1, 46, 1),
(27, 6, 2, 46, 1),
(29, 5, 1, 230, 1),
(30, 5, 2, 230, 1),
(32, 12, 1, 29125, 0),
(33, 12, 2, 29118, 0),
(35, 69, 1, 30819, 0),
(36, 69, 2, 33241, 1),
(38, 28, 1, 1056, 1),
(39, 28, 2, 1056, 1),
(41, 66, 1, 2551, 0),
(42, 66, 2, 2675, 1),
(44, 25, 1, 1445, 1),
(45, 25, 2, 1445, 1),
(47, 30, 1, 1400, 1),
(48, 30, 2, 1400, 1),
(50, 69, 3, 30401, 1),
(51, 17, 1, 30617, 0),
(52, 17, 2, 28295, 0),
(54, 49, 1, 27859, 0),
(55, 49, 2, 26473, 0),
(57, 76, 1, 82, 0),
(58, 76, 2, 117, 1),
(60, 18, 1, 24493, 0),
(61, 18, 2, 25940, 1),
(63, 54, 1, 46, 0),
(64, 54, 2, 46, 0),
(66, 72, 1, 30441, 0),
(67, 72, 2, 32623, 1),
(69, 19, 1, 30653, 0),
(70, 19, 2, 36844, 0),
(72, 21, 1, 25389, 0),
(73, 21, 2, 28978, 0),
(75, 70, 1, 46, 1),
(76, 70, 2, 46, 1),
(78, 62, 1, 25005, 0),
(79, 62, 2, 28555, 0),
(81, 38, 1, 59600, 0),
(82, 38, 2, 59275, 0),
(84, 45, 1, 26874, 0),
(85, 45, 2, 27833, 0),
(87, 43, 1, 34521, 0),
(88, 43, 2, 36413, 0),
(90, 81, 1, 22234, 0),
(91, 81, 2, 24861, 0),
(93, 41, 1, 22680, 0),
(94, 41, 2, 23033, 0),
(96, 57, 1, 23, 0),
(97, 57, 2, 23, 0),
(99, 37, 1, 51113, 1),
(100, 37, 2, 46213, 0),
(102, 33, 1, 20107, 0),
(103, 33, 2, 20748, 0),
(105, 56, 1, 24758, 0),
(106, 56, 2, 25711, 0),
(108, 52, 1, 21745, 0),
(109, 52, 2, 23158, 0),
(111, 14, 1, 7417, 0),
(112, 14, 2, 7829, 0),
(114, 25, 3, 574, 1),
(115, 80, 1, 68114, 1),
(116, 80, 2, 61648, 0),
(118, 61, 1, 708, 1),
(119, 61, 2, 708, 1),
(121, 66, 3, 2322, 1),
(122, 31, 1, 59442, 0),
(123, 31, 2, 60100, 1),
(125, 20, 1, 23201, 0),
(126, 20, 2, 24493, 0),
(128, 65, 1, 8219, 0),
(129, 65, 2, 8347, 0),
(131, 38, 3, 58854, 0),
(132, 42, 1, 23, 0),
(133, 42, 2, 23, 0),
(135, 78, 1, 23, 0),
(136, 78, 2, 23, 0),
(138, 21, 3, 28245, 1),
(139, 33, 3, 21020, 1),
(140, 50, 1, 20678, 0),
(141, 50, 2, 20565, 0),
(143, 61, 3, 262, 1),
(144, 72, 3, 30501, 0),
(145, 14, 3, 7101, 0),
(146, 18, 3, 24918, 0),
(147, 21, 4, 27678, 0),
(148, 24, 1, 39006, 0),
(149, 24, 2, 40374, 0),
(151, 33, 4, 19900, 0),
(152, 38, 4, 58360, 1),
(153, 56, 3, 25515, 0),
(154, 11, 1, 27644, 0),
(155, 11, 2, 28289, 0),
(157, 45, 3, 27193, 0),
(158, 80, 3, 61822, 0),
(159, 81, 3, 22998, 1),
(160, 14, 4, 7035, 1),
(161, 38, 6, 59544, 1),
(162, 18, 4, 24499, 0),
(163, 21, 6, 27215, 1),
(164, 33, 6, 20777, 0),
(165, 80, 4, 61567, 0),
(166, 45, 4, 29552, 1),
(167, 50, 3, 22539, 0),
(168, 14, 6, 6142, 1),
(169, 20, 3, 24247, 0),
(170, 21, 7, 22233, 0),
(171, 35, 1, 7538, 0),
(172, 35, 2, 7678, 0),
(174, 14, 7, 3806, 0),
(175, 20, 4, 24624, 1),
(176, 38, 7, 56554, 0),
(177, 20, 6, 26259, 1),
(178, 38, 5, 54017, 0),
(179, 20, 7, 21585, 0),
(180, 38, 8, 50794, 1),
(181, 20, 5, 19341, 1),
(182, 20, 8, 15772, 0),
(183, 9, 1, 23145, 0),
(184, 9, 2, 24307, 1),
(186, 44, 1, 25506, 0),
(187, 44, 2, 27558, 1),
(189, 33, 7, 18369, 1),
(190, 33, 5, 15452, 0),
(191, 55, 1, 27420, 1),
(192, 55, 2, 26740, 1),
(194, 55, 3, 26524, 0),
(195, 55, 4, 26614, 0),
(196, 55, 6, 26309, 0),
(197, 55, 7, 24030, 0),
(198, 55, 5, 21020, 0),
(199, 55, 8, 18683, 0),
(200, 36, 1, 23775, 0),
(201, 36, 2, 23001, 1),
(203, 13, 1, 22552, 0),
(204, 13, 2, 24510, 1),
(206, 13, 3, 23166, 0),
(207, 13, 4, 22045, 0),
(208, 13, 6, 22570, 0),
(209, 13, 7, 23459, 1),
(210, 13, 5, 19210, 0),
(211, 80, 6, 69817, 0),
(212, 80, 7, 68116, 0),
(213, 16, 1, 24152, 0),
(214, 16, 2, 25029, 1),
(216, 13, 8, 16957, 1),
(217, 16, 3, 25163, 1),
(218, 16, 4, 28218, 1),
(219, 80, 5, 53790, 1),
(220, 16, 6, 24614, 0),
(221, 16, 7, 22155, 0),
(222, 45, 6, 28313, 0),
(223, 45, 7, 26289, 1),
(224, 26, 1, 27513, 0),
(225, 26, 2, 27861, 0),
(227, 26, 3, 28639, 1),
(228, 64, 1, 27991, 0),
(229, 64, 2, 29978, 0),
(231, 26, 4, 27463, 0),
(232, 44, 3, 26837, 0),
(233, 26, 6, 28316, 0),
(234, 44, 4, 26412, 0),
(235, 26, 7, 26215, 1),
(236, 36, 3, 23009, 0),
(237, 36, 4, 21548, 0),
(238, 36, 6, 22089, 1),
(239, 36, 7, 20041, 0),
(240, 26, 5, 25062, 0),
(241, 36, 5, 19575, 1),
(242, 56, 4, 27106, 0),
(243, 16, 5, 20805, 0),
(244, 72, 4, 34434, 0),
(245, 56, 6, 26229, 0),
(246, 36, 8, 16072, 0),
(247, 72, 6, 31743, 0),
(248, 16, 8, 17188, 0),
(249, 72, 7, 27793, 0),
(250, 10, 1, 22783, 0),
(251, 10, 2, 21083, 0),
(253, 10, 3, 21211, 1),
(254, 10, 4, 20577, 0),
(255, 37, 3, 44869, 0),
(256, 37, 4, 45873, 0),
(257, 37, 6, 46175, 0),
(258, 37, 7, 42772, 0),
(259, 10, 6, 19343, 0),
(260, 10, 7, 17931, 1),
(261, 10, 5, 15859, 1),
(262, 80, 8, 52512, 1),
(263, 19, 3, 32411, 1),
(264, 27, 1, 15517, 0),
(265, 27, 2, 14876, 0),
(267, 19, 4, 32470, 0),
(268, 15, 1, 4665, 1),
(269, 15, 2, 4475, 0),
(271, 27, 3, 14520, 0),
(272, 15, 3, 4269, 1),
(273, 27, 4, 14374, 1),
(274, 15, 4, 3410, 1),
(275, 15, 6, 550, 0),
(276, 37, 5, 37450, 1),
(277, 37, 8, 36003, 1),
(278, 43, 3, 36138, 0),
(279, 12, 3, 32585, 0),
(280, 43, 4, 38569, 1),
(281, 12, 4, 28526, 0),
(282, 50, 4, 22373, 0),
(283, 43, 6, 36914, 1),
(284, 50, 6, 20865, 1),
(285, 43, 7, 32426, 0),
(286, 12, 6, 28041, 0),
(287, 50, 7, 16851, 1),
(288, 12, 7, 27532, 1),
(289, 43, 5, 31764, 0),
(290, 27, 6, 10630, 0),
(291, 72, 5, 18956, 0),
(292, 12, 5, 16177, 1),
(293, 12, 8, 14828, 1),
(294, 27, 7, 8703, 1),
(295, 77, 1, 5352, 0),
(296, 77, 2, 4951, 0),
(298, 19, 6, 33962, 1),
(299, 52, 3, 22910, 0),
(300, 52, 4, 22059, 1),
(301, 52, 6, 21355, 0),
(302, 52, 7, 20260, 1),
(303, 52, 5, 17979, 1),
(304, 44, 6, 25914, 1),
(305, 24, 3, 39449, 0),
(306, 24, 4, 39000, 0),
(307, 58, 1, 22920, 0),
(308, 58, 2, 23443, 0),
(310, 24, 6, 42167, 1),
(311, 26, 8, 18156, 1),
(312, 44, 7, 23646, 0),
(313, 44, 5, 21759, 0),
(314, 17, 3, 29710, 1),
(315, 17, 4, 28001, 0),
(316, 17, 6, 28511, 1),
(317, 17, 7, 26963, 0),
(318, 17, 5, 24560, 1),
(319, 67, 1, 30881, 0),
(320, 67, 2, 33831, 1),
(322, 67, 3, 32132, 0),
(323, 67, 4, 33317, 0),
(324, 67, 6, 35442, 1),
(325, 67, 7, 31964, 0),
(326, 67, 5, 23028, 0),
(327, 27, 5, 3621, 1),
(328, 29, 1, 24618, 0),
(329, 29, 2, 23389, 0),
(331, 67, 8, 18271, 1),
(332, 41, 3, 24128, 0),
(333, 44, 8, 16501, 1),
(334, 41, 4, 22741, 1),
(335, 41, 6, 22260, 1),
(336, 9, 3, 23519, 0),
(337, 18, 6, 26395, 1),
(338, 18, 7, 23088, 0),
(339, 24, 7, 37729, 0),
(340, 19, 7, 32222, 0),
(341, 27, 8, 1160, 0),
(342, 72, 8, 14419, 0),
(343, 49, 3, 26505, 0),
(344, 49, 4, 27915, 1),
(345, 49, 6, 29166, 1),
(346, 41, 7, 20725, 0),
(347, 49, 7, 25191, 0),
(348, 49, 5, 23542, 1),
(349, 69, 4, 33147, 1),
(350, 69, 6, 32989, 0),
(351, 69, 7, 27335, 0),
(352, 69, 5, 25054, 0),
(353, 69, 8, 22230, 0),
(354, 58, 3, 23209, 0),
(355, 49, 8, 16246, 0),
(356, 59, 1, 31109, 0),
(357, 59, 2, 31590, 0),
(359, 59, 3, 32054, 0),
(360, 59, 4, 31286, 1),
(361, 59, 6, 32482, 1),
(362, 41, 5, 17092, 1),
(363, 59, 7, 28226, 0),
(364, 59, 5, 26056, 0),
(365, 59, 8, 24128, 1),
(366, 24, 5, 25195, 1),
(367, 24, 8, 19569, 1),
(368, 11, 3, 29793, 1),
(369, 19, 5, 22408, 0),
(370, 73, 1, 10689, 0),
(371, 73, 2, 9533, 1),
(373, 32, 1, 25899, 0),
(374, 32, 2, 24881, 1),
(376, 32, 3, 25377, 0),
(377, 32, 4, 23658, 0),
(378, 56, 7, 23257, 0),
(379, 32, 6, 25226, 1),
(380, 32, 7, 22354, 0),
(381, 32, 5, 20580, 0),
(382, 29, 3, 23451, 0),
(383, 29, 4, 23539, 1),
(384, 32, 8, 16867, 1),
(385, 29, 6, 23469, 1),
(386, 11, 4, 27524, 0),
(387, 11, 6, 29331, 1),
(388, 11, 7, 26085, 0),
(389, 11, 5, 23401, 0),
(390, 29, 7, 20594, 0),
(391, 29, 5, 18521, 0),
(392, 11, 8, 19923, 1),
(393, 62, 3, 26438, 0),
(394, 62, 4, 26767, 1),
(395, 29, 8, 15766, 1),
(396, 62, 6, 28210, 1),
(397, 62, 7, 24450, 0),
(398, 62, 5, 23860, 1),
(399, 14, 5, 807, 1),
(401, 43, 8, 23531, 1),
(402, 50, 5, 12594, 0),
(403, 19, 8, 15901, 1),
(404, 68, 1, 29449, 0),
(405, 68, 2, 28341, 0),
(407, 9, 4, 23843, 0),
(408, 68, 3, 28925, 0),
(409, 68, 4, 28510, 1),
(410, 68, 6, 27816, 1),
(411, 68, 7, 25567, 0),
(412, 8, 1, 21739, 0),
(413, 8, 2, 22380, 0),
(415, 9, 6, 22941, 1),
(416, 8, 3, 22618, 1),
(417, 9, 7, 21185, 0),
(418, 8, 4, 22107, 0),
(419, 9, 5, 18817, 1),
(420, 8, 6, 22354, 1),
(421, 8, 7, 20864, 0),
(422, 8, 5, 18460, 0),
(423, 9, 8, 15848, 0),
(424, 8, 8, 13244, 1),
(425, 64, 3, 28826, 0),
(426, 64, 4, 31416, 1),
(427, 64, 6, 30642, 1),
(428, 64, 7, 26032, 0),
(429, 68, 5, 21201, 0),
(430, 41, 8, 13549, 0),
(431, 62, 8, 16433, 0),
(432, 64, 5, 23829, 0),
(433, 68, 8, 18863, 1),
(434, 64, 8, 20960, 1),
(435, 18, 5, 21481, 1),
(436, 31, 3, 59656, 0),
(437, 31, 4, 58313, 0),
(438, 31, 6, 59290, 0),
(439, 31, 7, 57498, 1),
(440, 31, 5, 55393, 1),
(441, 31, 8, 51048, 0),
(442, 17, 8, 18445, 0),
(443, 81, 4, 21993, 0),
(444, 45, 5, 24035, 1),
(445, 81, 6, 22095, 1),
(446, 81, 7, 20690, 0),
(447, 58, 4, 23507, 1),
(448, 10, 8, 12090, 0),
(449, 58, 6, 22841, 0),
(450, 58, 7, 21955, 1),
(451, 66, 4, 1559, 0),
(452, 18, 8, 16325, 0),
(453, 45, 8, 18826, 0),
(454, 73, 3, 9337, 1),
(455, 66, 6, 550, 1),
(456, 73, 4, 8616, 1),
(457, 56, 5, 22492, 1),
(458, 81, 5, 19184, 1),
(459, 21, 5, 22435, 1),
(460, 56, 8, 19512, 1),
(461, 58, 5, 18191, 1),
(462, 81, 8, 15023, 0),
(463, 21, 8, 17907, 0),
(464, 58, 8, 15216, 0),
(465, 33, 8, 12701, 1),
(466, 73, 6, 7372, 0),
(467, 73, 7, 5904, 0),
(468, 77, 3, 4700, 0),
(469, 73, 5, 3185, 0),
(470, 77, 4, 4552, 1),
(471, 77, 6, 3648, 1),
(472, 77, 7, 1316, 1),
(473, 82, 1, 23, 0),
(474, 82, 2, 23, 0),
(476, 50, 8, 10134, 0),
(477, 52, 8, 14151, 0),
(478, 63, 1, 5646, 0),
(479, 63, 2, 6568, 0),
(481, 63, 3, 5407, 1),
(482, 63, 4, 5431, 0),
(483, 63, 6, 3993, 1),
(484, 63, 7, 1155, 1),
(485, 30, 3, 1052, 1),
(486, 30, 4, 207, 0),
(487, 53, 1, 230, 1),
(488, 53, 2, 230, 1),
(490, 35, 3, 7618, 0),
(491, 35, 4, 7326, 0),
(492, 35, 6, 6093, 1),
(493, 65, 3, 8317, 0),
(494, 35, 7, 3482, 1),
(495, 65, 4, 7976, 1),
(496, 65, 6, 6823, 0),
(497, 65, 7, 4186, 1),
(498, 65, 5, 807, 1),
(499, 35, 5, 807, 1);

-- --------------------------------------------------------

--
-- Table structure for table `questcategories`
--

CREATE TABLE `questcategories` (
  `qCatId` int(11) NOT NULL,
  `name` varchar(255) NOT NULL,
  `locked` tinyint(1) NOT NULL DEFAULT 0
) ENGINE=InnoDB DEFAULT CHARSET=utf8mb4;

--
-- Dumping data for table `questcategories`
--

INSERT INTO `questcategories` (`qCatId`, `name`, `locked`) VALUES
(1, 'main', 0),
(2, 'level', 0),
(3, 'hard', 0);

-- --------------------------------------------------------

--
-- Table structure for table `questprogress`
--

CREATE TABLE `questprogress` (
  `qproId` int(11) NOT NULL,
  `userId` int(11) NOT NULL,
  `questId` int(11) NOT NULL,
  `attempt` int(11) DEFAULT 0,
  `clear` int(11) DEFAULT 0 COMMENT 'no game over (first star)',
  `pass` int(11) DEFAULT 0 COMMENT 'no game over and score >= 50 (second star)',
  `maxScore` int(11) DEFAULT 0,
  `meanScore` int(11) DEFAULT 0
) ENGINE=InnoDB DEFAULT CHARSET=utf8mb4;

--
-- Dumping data for table `questprogress`
--

INSERT INTO `questprogress` (`qproId`, `userId`, `questId`, `attempt`, `clear`, `pass`, `maxScore`, `meanScore`) VALUES
(13, 2, 1, 4, 4, 4, 100, 100),
(14, 2, 2, 1, 1, 1, 100, 100),
(15, 2, 3, 3, 3, 3, 100, 100),
(16, 2, 4, 3, 3, 2, 100, 74),
(17, 2, 5, 1, 1, 1, 100, 100),
(18, 2, 6, 4, 4, 4, 100, 87),
(19, 2, 7, 1, 1, 1, 100, 100),
(20, 2, 8, 2, 2, 2, 100, 100),
(22, 2, 9, 1, 1, 1, 100, 100),
(23, 2, 10, 1, 1, 1, 100, 100),
(25, 2, 11, 2, 2, 2, 100, 95),
(26, 2, 12, 1, 1, 1, 100, 100),
(27, 2, 13, 1, 1, 1, 100, 100),
(28, 2, 14, 1, 1, 1, 100, 100),
(29, 2, 15, 1, 1, 1, 100, 100),
(30, 2, 16, 1, 1, 1, 100, 100),
(31, 2, 17, 4, 4, 3, 100, 84),
(32, 2, 18, 1, 1, 1, 100, 100),
(34, 2, 19, 2, 2, 2, 100, 100),
(35, 2, 20, 1, 1, 1, 100, 100),
(36, 2, 21, 1, 1, 1, 100, 100),
(37, 2, 22, 1, 1, 1, 100, 100),
(40, 2, 23, 1, 1, 1, 100, 100),
(41, 2, 24, 1, 1, 1, 100, 100),
(43, 2, 25, 1, 1, 1, 100, 100),
(44, 2, 26, 1, 1, 1, 100, 100),
(45, 2, 27, 1, 1, 1, 100, 100),
(46, 2, 28, 1, 1, 1, 100, 100),
(47, 2, 30, 1, 1, 1, 100, 100),
(48, 2, 31, 1, 1, 1, 100, 100),
(49, 2, 32, 1, 1, 1, 100, 100),
(50, 2, 29, 3, 3, 3, 100, 88),
(51, 2, 33, 5, 5, 5, 100, 100),
(52, 2, 34, 1, 1, 1, 100, 100),
(53, 2, 35, 5, 3, 3, 100, 95),
(54, 2, 36, 1, 1, 1, 100, 100),
(55, 2, 37, 3, 3, 3, 100, 99),
(56, 2, 38, 2, 2, 2, 100, 99),
(57, 2, 39, 1, 1, 1, 100, 100),
(58, 2, 40, 2, 1, 1, 100, 100),
(60, 2, 41, 3, 3, 3, 100, 100),
(61, 2, 42, 13, 13, 13, 100, 100),
(62, 2, 44, 1, 1, 1, 100, 100),
(63, 2, 45, 1, 1, 1, 100, 100),
(64, 2, 46, 2, 2, 2, 100, 88),
(65, 2, 47, 1, 1, 1, 100, 100),
(66, 2, 49, 1, 1, 1, 100, 100),
(67, 2, 48, 1, 1, 1, 100, 100),
(68, 2, 50, 2, 2, 2, 100, 97),
(69, 2, 51, 1, 1, 1, 100, 100),
(70, 2, 52, 1, 1, 1, 100, 100),
(71, 2, 53, 2, 1, 1, 100, 99),
(72, 5, 1, 2, 2, 2, 100, 100),
(73, 4, 1, 1, 1, 1, 100, 100),
(74, 4, 2, 1, 1, 1, 100, 100),
(75, 4, 3, 1, 1, 1, 100, 100),
(76, 4, 4, 1, 1, 1, 100, 100),
(77, 4, 5, 2, 2, 2, 100, 100),
(78, 3, 1, 1, 1, 1, 100, 100),
(79, 3, 2, 2, 2, 2, 100, 100),
(80, 3, 3, 2, 2, 2, 100, 100),
(81, 3, 4, 1, 1, 1, 100, 100),
(82, 3, 5, 2, 2, 2, 100, 100),
(83, 3, 6, 33, 32, 30, 100, 66),
(84, 3, 7, 1, 1, 1, 100, 100),
(85, 3, 8, 1, 1, 1, 100, 100),
(86, 3, 9, 1, 1, 1, 100, 100),
(87, 3, 10, 1, 1, 1, 100, 100),
(88, 3, 11, 2, 2, 2, 100, 94),
(89, 3, 12, 1, 1, 1, 100, 100),
(90, 3, 13, 1, 1, 1, 100, 100),
(91, 3, 14, 1, 1, 1, 100, 100),
(92, 3, 15, 1, 1, 1, 100, 100),
(93, 3, 16, 1, 1, 1, 100, 100),
(94, 3, 17, 12, 12, 11, 100, 76),
(95, 3, 18, 1, 1, 1, 100, 100),
(96, 3, 19, 1, 1, 1, 100, 100),
(97, 3, 20, 1, 1, 1, 100, 100),
(98, 3, 21, 1, 1, 1, 100, 100),
(99, 3, 22, 1, 1, 1, 100, 100),
(100, 3, 23, 14, 14, 14, 100, 79),
(101, 3, 24, 1, 1, 1, 100, 100),
(102, 3, 25, 20, 20, 20, 100, 81),
(103, 3, 26, 1, 1, 1, 100, 100),
(104, 3, 27, 11, 11, 11, 89, 70),
(105, 6, 1, 1, 1, 1, 100, 100),
(106, 6, 2, 1, 1, 1, 100, 100),
(107, 6, 3, 1, 1, 1, 100, 100),
(108, 5, 2, 1, 1, 1, 100, 100),
(109, 5, 3, 2, 2, 2, 100, 100),
(110, 5, 4, 2, 2, 2, 100, 81),
(111, 5, 5, 1, 1, 1, 100, 100),
(112, 5, 6, 2, 2, 0, 41, 35),
(113, 71, 1, 1, 1, 1, 100, 100),
(114, 12, 1, 1, 1, 1, 100, 100),
(115, 69, 1, 1, 1, 1, 100, 100),
(116, 12, 2, 1, 1, 1, 100, 100),
(117, 75, 1, 1, 1, 1, 100, 100),
(118, 66, 1, 1, 1, 1, 100, 100),
(119, 69, 2, 1, 1, 1, 100, 100),
(120, 74, 1, 1, 1, 1, 100, 100),
(121, 28, 1, 1, 1, 1, 100, 100),
(122, 25, 1, 1, 1, 1, 100, 100),
(123, 69, 3, 1, 1, 1, 100, 100),
(124, 28, 2, 1, 1, 1, 100, 100),
(125, 61, 1, 1, 1, 1, 100, 100),
(127, 28, 3, 1, 1, 1, 100, 100),
(128, 66, 2, 1, 1, 1, 100, 100),
(129, 69, 4, 1, 1, 1, 58, 58),
(130, 66, 3, 1, 1, 1, 100, 100),
(131, 25, 2, 1, 1, 1, 100, 100),
(132, 69, 5, 1, 1, 1, 100, 100),
(133, 69, 6, 2, 2, 1, 58, 50),
(134, 25, 3, 1, 1, 1, 100, 100),
(135, 69, 7, 1, 1, 1, 100, 100),
(136, 30, 1, 2, 2, 2, 100, 100),
(137, 30, 2, 1, 1, 1, 100, 100),
(138, 17, 1, 1, 1, 1, 100, 100),
(139, 25, 4, 2, 2, 2, 100, 97),
(140, 69, 8, 1, 1, 1, 100, 100),
(141, 69, 9, 1, 1, 1, 100, 100),
(142, 17, 2, 1, 1, 1, 100, 100),
(143, 30, 3, 1, 1, 1, 100, 100),
(144, 25, 5, 1, 1, 1, 100, 100),
(145, 76, 1, 1, 1, 1, 100, 100),
(146, 25, 6, 19, 19, 16, 87, 63),
(147, 30, 4, 1, 1, 1, 100, 100),
(148, 49, 1, 1, 1, 1, 100, 100),
(149, 30, 5, 1, 1, 1, 100, 100),
(150, 49, 2, 1, 1, 1, 100, 100),
(151, 28, 4, 1, 1, 1, 100, 100),
(152, 66, 4, 1, 1, 1, 80, 80),
(153, 76, 2, 1, 1, 1, 100, 100),
(154, 28, 5, 1, 1, 1, 100, 100),
(155, 66, 5, 1, 1, 1, 100, 100),
(156, 49, 3, 1, 1, 1, 100, 100),
(157, 30, 6, 1, 1, 1, 58, 58),
(158, 30, 7, 1, 1, 1, 100, 100),
(159, 28, 6, 42, 31, 10, 87, 37),
(160, 66, 6, 2, 2, 1, 70, 50),
(161, 49, 4, 1, 1, 1, 100, 100),
(162, 18, 1, 1, 1, 1, 100, 100),
(163, 68, 1, 1, 1, 1, 100, 100),
(164, 18, 2, 1, 1, 1, 100, 100),
(165, 42, 1, 1, 1, 1, 100, 100),
(166, 13, 1, 1, 1, 1, 100, 100),
(167, 18, 3, 1, 1, 1, 100, 100),
(168, 70, 1, 1, 1, 1, 100, 100),
(169, 72, 1, 1, 1, 1, 100, 100),
(170, 38, 1, 1, 1, 1, 100, 100),
(171, 54, 1, 1, 1, 1, 100, 100),
(172, 21, 1, 1, 1, 1, 100, 100),
(173, 54, 2, 1, 1, 1, 100, 100),
(174, 19, 1, 1, 1, 1, 100, 100),
(175, 72, 2, 1, 1, 1, 100, 100),
(176, 54, 3, 1, 1, 1, 100, 100),
(177, 56, 1, 1, 1, 1, 100, 100),
(178, 19, 2, 1, 1, 1, 100, 100),
(179, 21, 2, 1, 1, 1, 100, 100),
(180, 52, 1, 1, 1, 1, 100, 100),
(182, 81, 1, 1, 1, 1, 100, 100),
(183, 37, 1, 1, 1, 1, 100, 100),
(184, 41, 1, 1, 1, 1, 100, 100),
(185, 62, 1, 1, 1, 1, 100, 100),
(186, 45, 1, 1, 1, 1, 100, 100),
(187, 57, 1, 1, 1, 1, 100, 100),
(188, 72, 3, 1, 1, 1, 100, 100),
(189, 70, 2, 1, 1, 1, 100, 100),
(191, 43, 1, 1, 1, 1, 100, 100),
(192, 62, 2, 1, 1, 1, 100, 100),
(193, 38, 2, 1, 1, 1, 100, 100),
(194, 33, 1, 1, 1, 1, 100, 100),
(195, 45, 2, 1, 1, 1, 100, 100),
(196, 43, 2, 1, 1, 1, 100, 100),
(197, 81, 2, 1, 1, 1, 100, 100),
(198, 41, 2, 1, 1, 1, 100, 100),
(199, 57, 2, 1, 1, 1, 100, 100),
(200, 37, 2, 1, 1, 1, 100, 100),
(201, 14, 1, 1, 1, 1, 100, 100),
(202, 33, 2, 1, 1, 1, 100, 100),
(203, 80, 1, 1, 1, 1, 100, 100),
(204, 56, 2, 1, 1, 1, 100, 100),
(205, 52, 2, 1, 1, 1, 100, 100),
(206, 70, 3, 1, 1, 1, 100, 100),
(207, 14, 2, 1, 1, 1, 100, 100),
(208, 25, 7, 1, 1, 1, 100, 100),
(209, 21, 3, 1, 1, 1, 100, 100),
(210, 25, 8, 1, 1, 1, 100, 100),
(211, 72, 4, 4, 4, 2, 100, 53),
(212, 11, 1, 1, 1, 1, 100, 100),
(213, 33, 3, 1, 1, 1, 100, 100),
(214, 81, 3, 1, 1, 1, 100, 100),
(215, 66, 7, 1, 1, 1, 100, 100),
(216, 25, 9, 1, 1, 1, 100, 100),
(217, 80, 2, 1, 1, 1, 100, 100),
(218, 61, 2, 1, 1, 1, 100, 100),
(219, 25, 10, 1, 1, 1, 100, 100),
(220, 45, 3, 1, 1, 1, 100, 100),
(221, 24, 1, 1, 1, 1, 100, 100),
(222, 61, 3, 1, 1, 1, 100, 100),
(223, 56, 3, 1, 1, 1, 100, 100),
(224, 14, 3, 1, 1, 1, 100, 100),
(225, 40, 1, 1, 1, 1, 100, 100),
(226, 81, 4, 4, 4, 4, 95, 86),
(227, 38, 3, 1, 1, 1, 100, 100),
(228, 33, 4, 1, 1, 1, 100, 100),
(229, 33, 5, 1, 1, 1, 100, 100),
(230, 66, 8, 1, 1, 1, 100, 100),
(231, 61, 4, 2, 2, 2, 100, 92),
(232, 66, 9, 1, 1, 1, 100, 100),
(233, 37, 3, 1, 1, 1, 100, 100),
(234, 66, 10, 1, 1, 1, 100, 100),
(235, 62, 3, 1, 1, 1, 100, 100),
(236, 18, 4, 2, 2, 2, 89, 88),
(237, 81, 5, 1, 1, 1, 100, 100),
(238, 31, 1, 1, 1, 1, 100, 100),
(239, 61, 5, 1, 1, 1, 100, 100),
(240, 20, 1, 1, 1, 1, 100, 100),
(241, 31, 2, 1, 1, 1, 100, 100),
(242, 38, 4, 1, 1, 1, 100, 100),
(243, 38, 5, 1, 1, 1, 100, 100),
(244, 20, 2, 1, 1, 1, 100, 100),
(245, 80, 3, 1, 1, 1, 100, 100),
(247, 72, 5, 1, 1, 1, 100, 100),
(248, 61, 6, 4, 4, 1, 100, 56),
(249, 21, 4, 2, 2, 2, 100, 97),
(250, 31, 3, 1, 1, 1, 100, 100),
(251, 81, 6, 1, 1, 1, 70, 70),
(252, 43, 3, 1, 1, 1, 100, 100),
(253, 14, 4, 2, 2, 2, 100, 90),
(254, 76, 3, 1, 1, 1, 100, 100),
(255, 78, 1, 1, 1, 1, 100, 100),
(256, 25, 11, 1, 1, 1, 100, 100),
(257, 56, 4, 1, 1, 1, 93, 93),
(258, 81, 7, 1, 1, 1, 100, 100),
(259, 25, 12, 1, 1, 1, 100, 100),
(260, 65, 1, 1, 1, 1, 100, 100),
(261, 72, 6, 7, 7, 7, 100, 75),
(262, 20, 3, 1, 1, 1, 100, 100),
(263, 21, 5, 1, 1, 1, 100, 100),
(264, 18, 5, 1, 1, 1, 100, 100),
(265, 56, 5, 1, 1, 1, 100, 100),
(266, 65, 2, 1, 1, 1, 100, 100),
(267, 62, 4, 1, 1, 1, 83, 83),
(268, 38, 6, 9, 9, 9, 100, 75),
(269, 38, 7, 1, 1, 1, 100, 100),
(270, 62, 5, 1, 1, 1, 100, 100),
(271, 65, 3, 1, 1, 1, 100, 100),
(272, 14, 5, 1, 1, 1, 100, 100),
(273, 38, 8, 1, 1, 1, 100, 100),
(274, 38, 9, 1, 1, 1, 100, 100),
(275, 38, 10, 1, 1, 1, 100, 100),
(276, 37, 4, 8, 8, 8, 100, 89),
(277, 21, 6, 1, 1, 1, 83, 83),
(278, 21, 7, 1, 1, 1, 100, 100),
(279, 76, 4, 1, 1, 1, 96, 96),
(280, 21, 8, 1, 1, 1, 100, 100),
(281, 42, 2, 1, 1, 1, 100, 100),
(282, 18, 6, 2, 2, 1, 58, 46),
(283, 35, 1, 1, 1, 1, 100, 100),
(284, 50, 1, 4, 4, 4, 100, 100),
(285, 78, 2, 1, 1, 1, 100, 100),
(286, 33, 6, 1, 1, 1, 83, 83),
(287, 31, 4, 1, 1, 1, 85, 85),
(288, 56, 6, 2, 2, 1, 83, 56),
(289, 21, 9, 1, 1, 1, 100, 100),
(290, 33, 7, 1, 1, 1, 100, 100),
(291, 14, 6, 6, 6, 5, 87, 70),
(292, 21, 10, 1, 1, 1, 100, 100),
(293, 33, 8, 1, 1, 1, 100, 100),
(294, 80, 4, 4, 4, 3, 100, 79),
(295, 38, 11, 5, 4, 4, 100, 88),
(296, 65, 4, 2, 2, 2, 100, 85),
(297, 33, 9, 1, 1, 1, 100, 100),
(298, 50, 2, 1, 1, 1, 100, 100),
(299, 45, 4, 4, 4, 4, 100, 72),
(300, 61, 7, 1, 1, 1, 100, 100),
(301, 72, 7, 1, 1, 1, 100, 100),
(302, 33, 10, 1, 1, 1, 100, 100),
(303, 61, 8, 1, 1, 1, 100, 100),
(304, 72, 8, 1, 1, 1, 100, 100),
(305, 61, 9, 1, 1, 1, 100, 100),
(306, 61, 10, 1, 1, 1, 100, 100),
(307, 72, 9, 1, 1, 1, 100, 100),
(308, 50, 3, 1, 1, 1, 100, 100),
(309, 72, 10, 1, 1, 1, 100, 100),
(310, 18, 7, 1, 1, 1, 100, 100),
(311, 14, 7, 1, 1, 1, 100, 100),
(312, 21, 11, 1, 1, 1, 98, 98),
(313, 62, 6, 1, 1, 1, 58, 58),
(314, 21, 12, 1, 1, 1, 100, 100),
(315, 14, 8, 1, 1, 1, 100, 100),
(316, 18, 8, 1, 1, 1, 100, 100),
(317, 14, 9, 1, 1, 1, 100, 100),
(318, 21, 13, 1, 1, 1, 100, 100),
(319, 62, 7, 1, 1, 1, 100, 100),
(320, 80, 5, 1, 1, 1, 100, 100),
(321, 18, 9, 1, 1, 1, 100, 100),
(322, 81, 44, 1, 1, 1, 81, 81),
(323, 62, 8, 1, 1, 1, 100, 100),
(324, 21, 14, 1, 1, 1, 100, 100),
(325, 24, 2, 1, 1, 1, 100, 100),
(326, 45, 5, 1, 1, 1, 100, 100),
(327, 18, 10, 1, 1, 1, 100, 100),
(328, 33, 11, 1, 1, 1, 92, 92),
(329, 33, 12, 1, 1, 1, 100, 100),
(330, 33, 13, 1, 1, 1, 100, 100),
(331, 33, 14, 1, 1, 1, 100, 100),
(332, 20, 4, 1, 1, 1, 100, 100),
(333, 45, 6, 2, 2, 2, 100, 92),
(334, 21, 15, 1, 1, 1, 74, 74),
(335, 38, 12, 1, 1, 1, 100, 100),
(336, 45, 7, 1, 1, 1, 100, 100),
(337, 38, 13, 1, 1, 1, 100, 100),
(338, 21, 16, 1, 1, 1, 100, 100),
(339, 80, 6, 7, 7, 6, 87, 67),
(340, 19, 3, 1, 1, 1, 100, 100),
(341, 38, 14, 1, 1, 1, 100, 100),
(342, 14, 10, 1, 1, 1, 100, 100),
(343, 56, 7, 1, 1, 1, 100, 100),
(344, 20, 5, 1, 1, 1, 100, 100),
(345, 56, 8, 1, 1, 1, 100, 100),
(346, 56, 9, 1, 1, 1, 100, 100),
(347, 81, 8, 1, 1, 1, 100, 100),
(348, 14, 11, 1, 1, 1, 92, 92),
(349, 33, 15, 1, 1, 1, 60, 60),
(350, 45, 8, 1, 1, 1, 100, 100),
(351, 80, 7, 1, 1, 1, 100, 100),
(352, 50, 4, 1, 1, 1, 64, 64),
(353, 33, 16, 1, 1, 1, 100, 100),
(354, 80, 8, 1, 1, 1, 100, 100),
(355, 11, 2, 1, 1, 1, 100, 100),
(356, 38, 15, 2, 2, 2, 100, 81),
(357, 45, 9, 1, 1, 1, 100, 100),
(358, 38, 16, 1, 1, 1, 100, 100),
(359, 50, 5, 1, 1, 1, 100, 100),
(360, 80, 9, 1, 1, 1, 100, 100),
(361, 56, 10, 1, 1, 1, 100, 100),
(362, 81, 9, 1, 1, 1, 100, 100),
(363, 14, 12, 1, 1, 1, 100, 100),
(364, 14, 13, 1, 1, 1, 100, 100),
(365, 14, 14, 1, 1, 1, 100, 100),
(366, 80, 10, 1, 1, 1, 100, 100),
(367, 20, 6, 5, 5, 4, 70, 63),
(368, 18, 11, 1, 1, 1, 60, 60),
(369, 18, 12, 1, 1, 1, 100, 100),
(370, 81, 10, 1, 1, 1, 100, 100),
(371, 14, 15, 1, 1, 1, 64, 64),
(372, 38, 17, 8, 8, 8, 100, 76),
(373, 14, 16, 1, 1, 1, 100, 100),
(374, 45, 10, 1, 1, 1, 100, 100),
(375, 38, 18, 1, 1, 1, 100, 100),
(376, 18, 13, 1, 1, 1, 100, 100),
(377, 18, 14, 1, 1, 1, 100, 100),
(378, 21, 17, 1, 1, 1, 66, 66),
(379, 80, 11, 1, 1, 1, 100, 100),
(380, 50, 6, 1, 1, 1, 58, 58),
(381, 80, 12, 1, 1, 1, 100, 100),
(382, 21, 18, 1, 1, 1, 100, 100),
(383, 33, 17, 1, 1, 1, 54, 54),
(384, 80, 13, 1, 1, 1, 100, 100),
(385, 33, 18, 1, 1, 1, 100, 100),
(386, 50, 7, 1, 1, 1, 100, 100),
(387, 80, 14, 1, 1, 1, 100, 100),
(388, 45, 11, 1, 1, 1, 100, 100),
(389, 45, 12, 1, 1, 1, 100, 100),
(390, 50, 8, 1, 1, 1, 100, 100),
(391, 24, 3, 1, 1, 1, 100, 100),
(392, 45, 13, 1, 1, 1, 100, 100),
(393, 45, 14, 1, 1, 1, 100, 100),
(394, 50, 9, 1, 1, 1, 100, 100),
(395, 81, 11, 1, 1, 1, 92, 92),
(396, 14, 17, 1, 1, 1, 66, 66),
(397, 50, 10, 1, 1, 1, 100, 100),
(398, 14, 18, 1, 1, 1, 100, 100),
(399, 81, 12, 1, 1, 1, 100, 100),
(400, 20, 7, 1, 1, 1, 100, 100),
(401, 20, 8, 1, 1, 1, 100, 100),
(402, 21, 19, 1, 1, 1, 100, 100),
(403, 20, 9, 1, 1, 1, 100, 100),
(404, 20, 10, 1, 1, 1, 100, 100),
(405, 21, 20, 1, 1, 1, 100, 100),
(406, 21, 21, 1, 1, 1, 100, 100),
(407, 21, 22, 1, 1, 1, 100, 100),
(408, 45, 15, 2, 2, 2, 100, 90),
(409, 45, 16, 1, 1, 1, 100, 100),
(410, 33, 19, 1, 1, 1, 59, 59),
(411, 33, 20, 1, 1, 1, 100, 100),
(412, 35, 2, 1, 1, 1, 100, 100),
(413, 14, 19, 1, 1, 1, 71, 71),
(414, 24, 4, 1, 1, 1, 100, 100),
(415, 14, 20, 1, 1, 1, 100, 100),
(416, 14, 21, 1, 1, 1, 100, 100),
(417, 35, 3, 1, 1, 1, 100, 100),
(418, 14, 22, 1, 1, 1, 100, 100),
(420, 20, 11, 1, 1, 1, 100, 100),
(421, 20, 12, 1, 1, 1, 100, 100),
(422, 20, 13, 1, 1, 1, 100, 100),
(423, 20, 14, 1, 1, 1, 100, 100),
(424, 28, 7, 1, 1, 1, 100, 100),
(425, 38, 19, 2, 2, 2, 100, 97),
(426, 38, 20, 1, 1, 1, 100, 100),
(427, 38, 21, 1, 1, 1, 100, 100),
(428, 38, 22, 1, 1, 1, 100, 100),
(429, 20, 15, 1, 1, 1, 100, 100),
(430, 20, 16, 1, 1, 1, 100, 100),
(431, 14, 23, 2, 2, 1, 80, 63),
(432, 50, 11, 1, 1, 1, 62, 62),
(433, 20, 17, 5, 5, 5, 100, 77),
(434, 20, 18, 1, 1, 1, 100, 100),
(435, 38, 23, 5, 5, 5, 100, 89),
(436, 38, 24, 1, 1, 1, 100, 100),
(437, 38, 25, 7, 7, 7, 100, 73),
(438, 38, 26, 1, 1, 1, 100, 100),
(439, 20, 19, 2, 2, 2, 100, 96),
(440, 20, 20, 1, 1, 1, 100, 100),
(441, 20, 21, 1, 1, 1, 100, 100),
(442, 20, 22, 1, 1, 1, 100, 100),
(443, 14, 24, 1, 1, 1, 100, 100),
(444, 38, 27, 4, 4, 2, 100, 59),
(445, 20, 23, 1, 1, 1, 73, 73),
(446, 20, 24, 1, 1, 1, 100, 100),
(447, 38, 28, 1, 1, 1, 100, 100),
(448, 38, 30, 1, 1, 1, 100, 100),
(449, 20, 25, 1, 1, 1, 75, 75),
(450, 20, 26, 1, 1, 1, 100, 100),
(451, 20, 27, 4, 1, 1, 100, 95),
(452, 20, 28, 1, 1, 1, 100, 100),
(453, 20, 30, 1, 1, 1, 100, 100),
(454, 9, 1, 1, 1, 1, 100, 100),
(455, 9, 2, 1, 1, 1, 100, 100),
(456, 9, 3, 1, 1, 1, 100, 100),
(457, 44, 1, 2, 2, 2, 100, 100),
(458, 44, 2, 1, 1, 1, 100, 100),
(459, 44, 3, 1, 1, 1, 100, 100),
(460, 44, 4, 10, 10, 4, 100, 55),
(461, 33, 21, 1, 1, 1, 100, 100),
(462, 33, 22, 1, 1, 1, 100, 100),
(463, 33, 23, 1, 1, 1, 71, 71),
(464, 33, 24, 1, 1, 1, 100, 100),
(465, 33, 25, 2, 2, 1, 79, 62),
(466, 33, 26, 1, 1, 1, 100, 100),
(467, 33, 27, 3, 3, 1, 52, 42),
(468, 55, 1, 1, 1, 1, 100, 100),
(469, 55, 2, 1, 1, 1, 100, 100),
(470, 55, 3, 2, 2, 2, 100, 100),
(471, 55, 4, 2, 2, 2, 100, 100),
(472, 55, 5, 1, 1, 1, 100, 100),
(473, 55, 6, 8, 7, 4, 87, 49),
(474, 55, 7, 1, 1, 1, 100, 100),
(475, 55, 8, 1, 1, 1, 100, 100),
(476, 55, 9, 1, 1, 1, 100, 100),
(477, 55, 10, 1, 1, 1, 100, 100),
(478, 55, 11, 1, 1, 1, 92, 92),
(479, 55, 12, 1, 1, 1, 100, 100),
(480, 55, 13, 1, 1, 1, 100, 100),
(481, 55, 14, 1, 1, 1, 100, 100),
(482, 55, 15, 1, 1, 1, 100, 100),
(483, 55, 16, 1, 1, 1, 100, 100),
(484, 55, 17, 2, 2, 1, 83, 66),
(485, 55, 18, 1, 1, 1, 100, 100),
(486, 55, 19, 1, 1, 1, 100, 100),
(487, 55, 20, 1, 1, 1, 100, 100),
(488, 55, 21, 1, 1, 1, 100, 100),
(489, 55, 22, 1, 1, 1, 100, 100),
(490, 55, 23, 1, 1, 1, 72, 72),
(491, 55, 24, 1, 1, 1, 100, 100),
(492, 55, 25, 3, 2, 1, 54, 29),
(493, 55, 26, 1, 1, 1, 100, 100),
(494, 55, 27, 2, 2, 1, 52, 50),
(495, 55, 28, 1, 1, 1, 100, 100),
(496, 55, 30, 1, 1, 1, 100, 100),
(497, 36, 1, 1, 1, 1, 100, 100),
(498, 36, 2, 1, 1, 1, 100, 100),
(499, 36, 3, 1, 1, 1, 100, 100),
(500, 36, 4, 1, 1, 1, 100, 100),
(501, 55, 31, 2, 1, 1, 74, 68),
(502, 13, 2, 1, 1, 1, 100, 100),
(503, 13, 3, 1, 1, 1, 100, 100),
(504, 13, 4, 1, 1, 1, 100, 100),
(505, 13, 5, 1, 1, 1, 100, 100),
(506, 13, 6, 3, 3, 3, 70, 66),
(507, 13, 7, 1, 1, 1, 100, 100),
(508, 13, 8, 1, 1, 1, 100, 100),
(509, 13, 9, 1, 1, 1, 100, 100),
(510, 13, 10, 1, 1, 1, 100, 100),
(511, 13, 11, 1, 1, 1, 100, 100),
(512, 13, 12, 1, 1, 1, 100, 100),
(513, 13, 13, 1, 1, 1, 100, 100),
(514, 13, 14, 1, 1, 1, 100, 100),
(515, 13, 15, 1, 1, 1, 98, 98),
(516, 13, 16, 1, 1, 1, 100, 100),
(517, 13, 17, 1, 1, 1, 79, 79),
(518, 13, 18, 1, 1, 1, 100, 100),
(519, 13, 19, 1, 1, 1, 73, 73),
(520, 13, 20, 1, 1, 1, 100, 100),
(521, 13, 21, 1, 1, 1, 100, 100),
(522, 13, 22, 1, 1, 1, 100, 100),
(523, 13, 23, 1, 1, 1, 61, 61),
(524, 13, 24, 1, 1, 1, 100, 100),
(525, 13, 25, 1, 1, 1, 100, 100),
(526, 13, 26, 1, 1, 1, 100, 100),
(527, 55, 32, 1, 1, 1, 100, 100),
(528, 55, 29, 2, 2, 1, 50, 44),
(529, 13, 27, 3, 2, 1, 100, 81),
(530, 55, 33, 5, 4, 1, 57, 39),
(531, 80, 15, 1, 1, 1, 100, 100),
(532, 80, 16, 1, 1, 1, 100, 100),
(533, 80, 17, 1, 1, 1, 62, 62),
(534, 80, 18, 1, 1, 1, 100, 100),
(535, 80, 19, 1, 1, 1, 100, 100),
(536, 80, 20, 1, 1, 1, 100, 100),
(537, 80, 21, 1, 1, 1, 100, 100),
(538, 80, 22, 1, 1, 1, 100, 100),
(539, 16, 1, 1, 1, 1, 100, 100),
(540, 16, 2, 1, 1, 1, 100, 100),
(541, 55, 34, 1, 1, 1, 100, 100),
(542, 16, 3, 1, 1, 1, 100, 100),
(543, 16, 4, 3, 3, 3, 93, 83),
(544, 16, 5, 1, 1, 1, 100, 100),
(545, 13, 28, 1, 1, 1, 100, 100),
(546, 16, 6, 2, 2, 1, 58, 52),
(547, 13, 30, 1, 1, 1, 100, 100),
(548, 16, 7, 1, 1, 1, 100, 100),
(549, 16, 8, 1, 1, 1, 100, 100),
(550, 16, 9, 1, 1, 1, 100, 100),
(551, 16, 10, 1, 1, 1, 100, 100),
(552, 16, 11, 1, 1, 1, 100, 100),
(553, 16, 12, 1, 1, 1, 100, 100),
(554, 16, 44, 1, 1, 1, 97, 97),
(555, 80, 23, 4, 4, 4, 87, 83),
(556, 16, 13, 1, 1, 1, 100, 100),
(557, 16, 14, 1, 1, 1, 100, 100),
(558, 80, 24, 1, 1, 1, 100, 100),
(559, 16, 15, 1, 1, 1, 100, 100),
(560, 13, 31, 1, 1, 1, 97, 97),
(561, 16, 16, 1, 1, 1, 100, 100),
(562, 13, 32, 1, 1, 1, 100, 100),
(563, 55, 35, 1, 1, 1, 99, 99),
(564, 55, 36, 1, 1, 1, 100, 100),
(565, 13, 29, 1, 1, 1, 100, 100),
(566, 80, 25, 1, 1, 1, 62, 62),
(567, 80, 26, 1, 1, 1, 100, 100),
(568, 80, 27, 4, 2, 1, 90, 68),
(569, 13, 33, 1, 1, 1, 57, 57),
(570, 16, 17, 1, 1, 1, 66, 66),
(571, 16, 18, 1, 1, 1, 100, 100),
(572, 16, 19, 1, 1, 1, 100, 100),
(573, 55, 37, 1, 1, 1, 69, 69),
(574, 16, 20, 1, 1, 1, 100, 100),
(575, 16, 21, 1, 1, 1, 100, 100),
(576, 16, 22, 1, 1, 1, 100, 100),
(577, 36, 5, 1, 1, 1, 100, 100),
(578, 21, 23, 4, 1, 1, 95, 79),
(579, 16, 23, 1, 1, 1, 93, 93),
(580, 45, 17, 8, 8, 8, 100, 85),
(581, 45, 18, 1, 1, 1, 100, 100),
(582, 45, 19, 2, 2, 2, 100, 86),
(583, 45, 20, 1, 1, 1, 100, 100),
(584, 45, 21, 1, 1, 1, 100, 100),
(585, 45, 22, 1, 1, 1, 100, 100),
(586, 36, 6, 11, 11, 6, 62, 51),
(587, 55, 38, 1, 1, 1, 70, 70),
(588, 55, 39, 1, 1, 1, 100, 100),
(589, 55, 40, 1, 1, 1, 98, 98),
(590, 55, 41, 1, 1, 1, 100, 100),
(591, 55, 42, 3, 3, 3, 100, 100),
(592, 26, 1, 1, 1, 1, 100, 100),
(593, 26, 2, 1, 1, 1, 100, 100),
(594, 26, 3, 1, 1, 1, 100, 100),
(595, 38, 31, 2, 2, 2, 100, 90),
(596, 38, 32, 1, 1, 1, 100, 100),
(597, 26, 4, 9, 9, 4, 90, 53),
(598, 44, 5, 1, 1, 1, 100, 100),
(599, 44, 6, 7, 7, 6, 58, 54),
(600, 38, 29, 50, 50, 50, 100, 78),
(601, 26, 5, 1, 1, 1, 100, 100),
(602, 44, 7, 1, 1, 1, 100, 100),
(603, 44, 8, 2, 2, 2, 100, 100),
(604, 38, 33, 1, 1, 1, 100, 100),
(605, 26, 6, 1, 1, 1, 62, 62),
(606, 38, 34, 1, 1, 1, 100, 100),
(607, 26, 7, 1, 1, 1, 100, 100),
(608, 26, 8, 1, 1, 1, 100, 100),
(609, 26, 9, 1, 1, 1, 100, 100),
(610, 26, 10, 1, 1, 1, 100, 100),
(611, 64, 1, 1, 1, 1, 100, 100),
(612, 26, 11, 2, 2, 2, 60, 57),
(613, 64, 2, 1, 1, 1, 100, 100),
(614, 64, 3, 1, 1, 1, 100, 100),
(615, 26, 12, 1, 1, 1, 100, 100),
(616, 26, 13, 1, 1, 1, 100, 100),
(617, 26, 14, 1, 1, 1, 100, 100),
(618, 64, 4, 3, 3, 2, 100, 72),
(619, 64, 5, 1, 1, 1, 100, 100),
(620, 44, 9, 1, 1, 1, 100, 100),
(621, 44, 10, 1, 1, 1, 100, 100),
(622, 26, 15, 1, 1, 1, 100, 100),
(623, 64, 6, 2, 2, 1, 75, 52),
(624, 26, 16, 1, 1, 1, 100, 100),
(625, 26, 17, 2, 2, 1, 54, 44),
(626, 26, 18, 1, 1, 1, 100, 100),
(627, 44, 11, 1, 1, 1, 83, 83),
(628, 44, 12, 1, 1, 1, 100, 100),
(629, 44, 13, 1, 1, 1, 100, 100),
(630, 44, 14, 1, 1, 1, 100, 100),
(631, 26, 19, 2, 2, 1, 91, 69),
(632, 38, 35, 5, 2, 2, 100, 85),
(633, 44, 15, 1, 1, 1, 67, 67),
(634, 26, 20, 1, 1, 1, 100, 100),
(635, 26, 21, 1, 1, 1, 100, 100),
(636, 26, 22, 1, 1, 1, 100, 100),
(637, 26, 23, 1, 1, 1, 56, 56),
(638, 26, 24, 1, 1, 1, 100, 100),
(639, 36, 7, 1, 1, 1, 100, 100),
(640, 36, 8, 1, 1, 1, 100, 100),
(641, 36, 9, 1, 1, 1, 100, 100),
(642, 36, 10, 1, 1, 1, 100, 100),
(643, 36, 11, 1, 1, 1, 82, 82),
(644, 36, 12, 1, 1, 1, 100, 100),
(645, 36, 13, 1, 1, 1, 100, 100),
(646, 36, 14, 1, 1, 1, 100, 100),
(647, 36, 15, 1, 1, 1, 100, 100),
(648, 36, 16, 1, 1, 1, 100, 100),
(649, 36, 17, 2, 2, 1, 62, 44),
(650, 36, 18, 1, 1, 1, 100, 100),
(651, 36, 19, 1, 1, 1, 96, 96),
(652, 36, 20, 1, 1, 1, 100, 100),
(653, 36, 21, 1, 1, 1, 100, 100),
(654, 36, 22, 1, 1, 1, 100, 100),
(655, 26, 25, 1, 1, 1, 50, 50),
(656, 26, 26, 1, 1, 1, 100, 100),
(657, 36, 23, 1, 1, 1, 83, 83),
(658, 36, 24, 1, 1, 1, 100, 100),
(659, 36, 25, 1, 1, 1, 83, 83),
(660, 36, 26, 1, 1, 1, 100, 100),
(661, 56, 11, 1, 1, 1, 100, 100),
(662, 56, 12, 1, 1, 1, 100, 100),
(663, 56, 13, 1, 1, 1, 100, 100),
(664, 16, 24, 1, 1, 1, 100, 100),
(665, 72, 11, 12, 12, 12, 100, 95),
(666, 56, 14, 1, 1, 1, 100, 100),
(667, 16, 25, 1, 1, 1, 70, 70),
(668, 16, 26, 1, 1, 1, 100, 100),
(669, 56, 15, 1, 1, 1, 66, 66),
(670, 56, 16, 1, 1, 1, 100, 100),
(671, 72, 12, 1, 1, 1, 100, 100),
(672, 72, 13, 1, 1, 1, 100, 100),
(673, 72, 14, 1, 1, 1, 100, 100),
(674, 56, 17, 1, 1, 1, 79, 79),
(675, 56, 18, 1, 1, 1, 100, 100),
(676, 72, 15, 1, 1, 1, 100, 100),
(677, 72, 16, 1, 1, 1, 100, 100),
(678, 36, 27, 1, 1, 1, 71, 71),
(679, 36, 28, 1, 1, 1, 100, 100),
(680, 36, 30, 1, 1, 1, 100, 100),
(681, 72, 17, 24, 24, 19, 100, 64),
(682, 36, 31, 3, 1, 1, 100, 99),
(683, 36, 32, 1, 1, 1, 100, 100),
(684, 36, 29, 1, 1, 1, 79, 79),
(685, 36, 33, 1, 1, 1, 85, 85),
(686, 36, 34, 1, 1, 1, 100, 100),
(687, 36, 35, 3, 1, 1, 100, 100),
(689, 13, 34, 1, 1, 1, 100, 100),
(690, 36, 36, 1, 1, 1, 100, 100),
(691, 36, 37, 1, 1, 1, 89, 89),
(692, 72, 18, 1, 1, 1, 100, 100),
(693, 36, 38, 1, 1, 1, 88, 88),
(694, 36, 39, 1, 1, 1, 100, 100),
(695, 16, 27, 1, 1, 1, 50, 50),
(696, 16, 28, 1, 1, 1, 100, 100),
(697, 16, 30, 1, 1, 1, 100, 100),
(698, 72, 19, 25, 25, 25, 93, 74),
(699, 72, 20, 1, 1, 1, 100, 100),
(700, 72, 21, 1, 1, 1, 100, 100),
(701, 72, 22, 1, 1, 1, 100, 100),
(702, 36, 40, 1, 1, 1, 98, 98),
(703, 36, 41, 1, 1, 1, 100, 100),
(704, 36, 42, 1, 1, 1, 100, 100),
(705, 16, 45, 1, 1, 1, 100, 100),
(706, 16, 46, 1, 1, 1, 100, 100),
(707, 16, 47, 1, 1, 1, 95, 95),
(708, 16, 49, 1, 1, 0, 46, 46),
(709, 38, 36, 1, 1, 1, 100, 100),
(710, 10, 1, 2, 2, 2, 100, 100),
(711, 10, 2, 1, 1, 1, 100, 100),
(712, 10, 3, 1, 1, 1, 100, 100),
(713, 10, 4, 1, 1, 1, 100, 100),
(714, 10, 5, 1, 1, 1, 100, 100),
(715, 37, 5, 1, 1, 1, 100, 100),
(716, 10, 6, 3, 3, 1, 66, 45),
(717, 37, 6, 11, 10, 9, 100, 55),
(718, 10, 7, 1, 1, 1, 100, 100),
(719, 10, 8, 1, 1, 1, 100, 100),
(720, 10, 9, 1, 1, 1, 100, 100),
(721, 10, 10, 1, 1, 1, 100, 100),
(722, 10, 11, 1, 1, 1, 61, 61),
(723, 10, 12, 1, 1, 1, 100, 100),
(724, 10, 13, 1, 1, 1, 100, 100),
(725, 10, 14, 1, 1, 1, 100, 100),
(726, 10, 15, 1, 1, 1, 100, 100),
(727, 10, 16, 1, 1, 1, 100, 100),
(728, 10, 17, 4, 2, 1, 66, 31),
(729, 37, 7, 1, 1, 1, 100, 100),
(730, 37, 8, 1, 1, 1, 100, 100),
(731, 37, 9, 1, 1, 1, 100, 100),
(732, 37, 10, 1, 1, 1, 100, 100),
(733, 37, 11, 1, 1, 1, 100, 100),
(734, 37, 12, 1, 1, 1, 100, 100),
(735, 37, 13, 1, 1, 1, 100, 100),
(736, 37, 14, 1, 1, 1, 100, 100),
(737, 37, 15, 2, 2, 2, 100, 83),
(738, 37, 16, 1, 1, 1, 100, 100),
(739, 38, 37, 2, 2, 2, 100, 90),
(740, 37, 17, 11, 11, 10, 100, 76),
(741, 37, 18, 1, 1, 1, 100, 100),
(742, 37, 19, 6, 6, 6, 100, 85),
(743, 37, 20, 1, 1, 1, 100, 100),
(744, 37, 21, 1, 1, 1, 100, 100),
(745, 37, 22, 1, 1, 1, 100, 100),
(746, 37, 23, 10, 10, 10, 100, 79),
(747, 10, 18, 1, 1, 1, 100, 100),
(748, 10, 19, 1, 1, 1, 87, 87),
(749, 10, 20, 1, 1, 1, 100, 100),
(750, 10, 21, 1, 1, 1, 100, 100),
(751, 10, 22, 1, 1, 1, 100, 100),
(752, 37, 24, 1, 1, 1, 100, 100),
(753, 38, 38, 2, 2, 2, 100, 95),
(754, 38, 39, 1, 1, 1, 100, 100),
(755, 10, 23, 1, 1, 1, 85, 85),
(756, 10, 24, 1, 1, 1, 100, 100),
(757, 10, 25, 1, 1, 1, 62, 62),
(758, 10, 26, 3, 3, 3, 100, 100),
(759, 38, 40, 2, 2, 2, 100, 93),
(760, 38, 41, 1, 1, 1, 100, 100),
(761, 38, 42, 1, 1, 1, 100, 100),
(762, 80, 28, 1, 1, 1, 100, 100),
(763, 80, 30, 1, 1, 1, 100, 100),
(764, 80, 31, 1, 1, 1, 96, 96),
(765, 80, 32, 1, 1, 1, 100, 100),
(766, 31, 5, 2, 2, 2, 100, 100),
(767, 80, 29, 1, 1, 1, 87, 87),
(768, 19, 4, 2, 2, 2, 100, 90),
(769, 19, 5, 3, 3, 3, 100, 100),
(770, 80, 33, 2, 2, 2, 100, 93),
(771, 19, 6, 9, 9, 8, 100, 68),
(772, 80, 34, 1, 1, 1, 100, 100),
(773, 19, 7, 1, 1, 1, 100, 100),
(774, 19, 8, 1, 1, 1, 100, 100),
(775, 19, 9, 1, 1, 1, 100, 100),
(776, 80, 35, 4, 1, 1, 100, 100),
(777, 19, 10, 2, 2, 2, 100, 100),
(778, 80, 36, 2, 2, 2, 100, 100),
(779, 80, 37, 1, 1, 1, 87, 87),
(780, 80, 38, 3, 1, 1, 100, 91),
(781, 19, 11, 2, 2, 2, 100, 91),
(782, 27, 1, 1, 1, 1, 100, 100),
(783, 27, 2, 1, 1, 1, 100, 100),
(784, 27, 3, 1, 1, 1, 100, 100),
(785, 19, 12, 1, 1, 1, 100, 100),
(786, 19, 13, 1, 1, 1, 100, 100),
(787, 19, 14, 1, 1, 1, 100, 100),
(788, 27, 4, 1, 1, 1, 100, 100),
(789, 27, 5, 1, 1, 1, 100, 100),
(790, 27, 6, 5, 5, 5, 100, 82),
(791, 15, 1, 1, 1, 1, 100, 100),
(792, 15, 2, 1, 1, 1, 100, 100),
(793, 15, 3, 1, 1, 1, 100, 100),
(794, 27, 7, 1, 1, 1, 100, 100),
(795, 27, 8, 1, 1, 1, 100, 100),
(796, 27, 9, 1, 1, 1, 100, 100),
(797, 27, 10, 1, 1, 1, 100, 100),
(798, 15, 4, 2, 2, 2, 100, 91),
(799, 27, 11, 2, 2, 2, 100, 98),
(800, 15, 5, 1, 1, 1, 100, 100),
(801, 80, 39, 5, 5, 5, 100, 100),
(802, 15, 6, 1, 1, 1, 100, 100),
(803, 15, 7, 1, 1, 1, 100, 100),
(804, 15, 8, 1, 1, 1, 100, 100),
(805, 27, 12, 1, 1, 1, 100, 100),
(806, 15, 9, 1, 1, 1, 100, 100),
(807, 80, 46, 1, 1, 1, 100, 100),
(808, 27, 13, 1, 1, 1, 100, 100),
(809, 27, 14, 1, 1, 1, 100, 100),
(810, 15, 10, 1, 1, 1, 100, 100),
(811, 27, 15, 3, 3, 3, 100, 91),
(812, 27, 16, 1, 1, 1, 100, 100),
(813, 15, 11, 2, 2, 2, 100, 88),
(814, 80, 51, 1, 1, 1, 100, 100),
(815, 15, 12, 1, 1, 1, 100, 100),
(816, 15, 13, 1, 1, 1, 100, 100),
(817, 80, 44, 1, 1, 1, 97, 97),
(818, 15, 14, 1, 1, 1, 100, 100),
(819, 27, 17, 22, 20, 20, 100, 67),
(820, 15, 15, 2, 2, 2, 100, 95),
(821, 15, 16, 1, 1, 1, 100, 100),
(822, 15, 17, 16, 16, 14, 100, 72),
(823, 80, 50, 2, 2, 2, 100, 100),
(824, 15, 18, 1, 1, 1, 100, 100),
(825, 80, 52, 7, 3, 3, 100, 95),
(826, 80, 40, 1, 1, 1, 100, 100),
(827, 80, 41, 31, 31, 31, 100, 100),
(828, 80, 42, 5, 5, 5, 100, 100),
(829, 37, 25, 8, 8, 7, 100, 68),
(830, 37, 26, 1, 1, 1, 100, 100),
(831, 12, 3, 1, 1, 1, 100, 100),
(832, 12, 4, 1, 1, 1, 100, 100),
(833, 12, 5, 1, 1, 1, 100, 100),
(834, 12, 6, 18, 18, 18, 100, 72),
(835, 37, 27, 1, 1, 1, 100, 100),
(836, 37, 28, 1, 1, 1, 100, 100),
(837, 37, 30, 1, 1, 1, 100, 100),
(838, 43, 4, 2, 2, 2, 100, 98),
(839, 43, 5, 1, 1, 1, 100, 100),
(840, 43, 6, 20, 20, 19, 100, 77),
(841, 43, 7, 1, 1, 1, 100, 100),
(842, 43, 8, 1, 1, 1, 100, 100),
(843, 43, 9, 1, 1, 1, 100, 100),
(844, 43, 10, 1, 1, 1, 100, 100),
(845, 12, 7, 1, 1, 1, 100, 100),
(846, 12, 8, 1, 1, 1, 100, 100),
(847, 12, 9, 1, 1, 1, 100, 100),
(848, 12, 10, 1, 1, 1, 100, 100),
(849, 37, 31, 1, 1, 1, 100, 100),
(850, 37, 32, 1, 1, 1, 100, 100),
(851, 43, 11, 2, 2, 2, 100, 96),
(852, 12, 11, 1, 1, 1, 100, 100),
(853, 43, 12, 1, 1, 1, 100, 100),
(854, 43, 13, 1, 1, 1, 100, 100),
(855, 12, 12, 1, 1, 1, 100, 100),
(856, 43, 14, 1, 1, 1, 100, 100),
(857, 12, 13, 1, 1, 1, 100, 100),
(858, 12, 14, 1, 1, 1, 100, 100),
(859, 37, 29, 1, 1, 1, 100, 100),
(860, 12, 15, 9, 9, 9, 100, 86),
(861, 37, 33, 4, 4, 4, 100, 72),
(863, 50, 12, 1, 1, 1, 100, 100),
(864, 50, 13, 1, 1, 1, 100, 100),
(865, 50, 14, 1, 1, 1, 100, 100),
(866, 50, 15, 1, 1, 1, 80, 80),
(867, 50, 16, 1, 1, 1, 100, 100),
(868, 43, 15, 1, 1, 1, 100, 100),
(869, 43, 16, 1, 1, 1, 100, 100),
(870, 43, 17, 21, 21, 18, 100, 65),
(871, 43, 18, 1, 1, 1, 100, 100),
(872, 43, 19, 10, 10, 8, 98, 71),
(873, 37, 34, 1, 1, 1, 100, 100),
(874, 43, 20, 1, 1, 1, 100, 100),
(875, 43, 21, 1, 1, 1, 100, 100),
(876, 50, 17, 1, 1, 1, 75, 75),
(877, 50, 18, 1, 1, 1, 100, 100),
(878, 12, 16, 1, 1, 1, 100, 100),
(879, 43, 22, 1, 1, 1, 100, 100),
(880, 12, 17, 7, 7, 7, 100, 80),
(881, 50, 19, 1, 1, 1, 56, 56),
(882, 50, 20, 1, 1, 1, 100, 100),
(883, 12, 18, 1, 1, 1, 100, 100),
(884, 50, 21, 1, 1, 1, 100, 100),
(885, 37, 35, 2, 2, 2, 100, 99),
(886, 50, 22, 1, 1, 1, 100, 100),
(887, 12, 19, 1, 1, 1, 100, 100),
(888, 12, 20, 1, 1, 1, 100, 100),
(889, 12, 21, 1, 1, 1, 100, 100),
(890, 12, 22, 1, 1, 1, 100, 100),
(891, 12, 23, 14, 12, 12, 100, 83),
(892, 37, 36, 1, 1, 1, 100, 100),
(893, 43, 23, 3, 3, 1, 50, 39),
(894, 50, 23, 11, 1, 1, 95, 77),
(895, 37, 37, 1, 1, 1, 100, 100),
(896, 43, 24, 1, 1, 1, 100, 100),
(897, 43, 25, 9, 9, 9, 100, 72),
(898, 43, 26, 1, 1, 1, 100, 100),
(899, 37, 38, 2, 1, 1, 100, 100),
(900, 27, 18, 1, 1, 1, 100, 100),
(901, 72, 23, 1, 1, 1, 64, 64),
(902, 72, 24, 1, 1, 1, 100, 100),
(903, 72, 25, 5, 5, 4, 100, 66),
(904, 37, 39, 1, 1, 1, 100, 100),
(905, 72, 26, 1, 1, 1, 100, 100),
(906, 12, 24, 1, 1, 1, 100, 100),
(907, 37, 40, 1, 1, 1, 100, 100),
(908, 37, 41, 1, 1, 1, 100, 100),
(909, 37, 42, 1, 1, 1, 100, 100),
(910, 12, 25, 16, 16, 16, 100, 73),
(911, 12, 26, 1, 1, 1, 100, 100),
(912, 12, 27, 2, 2, 2, 90, 81),
(913, 12, 28, 1, 1, 1, 100, 100),
(914, 12, 30, 7, 7, 7, 100, 100),
(915, 12, 31, 3, 1, 1, 100, 90),
(916, 27, 19, 1, 1, 1, 100, 100),
(917, 27, 20, 1, 1, 1, 100, 100),
(918, 27, 21, 1, 1, 1, 100, 100),
(919, 27, 22, 1, 1, 1, 100, 100),
(920, 12, 32, 1, 1, 1, 100, 100),
(921, 12, 29, 1, 1, 1, 75, 75),
(922, 12, 33, 4, 2, 0, 42, 21),
(923, 37, 44, 2, 2, 2, 100, 99),
(924, 77, 1, 1, 1, 1, 100, 100),
(925, 77, 2, 1, 1, 1, 100, 100),
(926, 77, 3, 1, 1, 1, 100, 100),
(927, 77, 4, 3, 3, 2, 95, 66),
(928, 19, 15, 2, 2, 2, 100, 95),
(929, 19, 16, 1, 1, 1, 100, 100),
(930, 19, 17, 4, 4, 3, 87, 65),
(931, 19, 18, 1, 1, 1, 100, 100),
(932, 37, 45, 1, 1, 1, 100, 100),
(933, 37, 46, 1, 1, 1, 100, 100),
(934, 37, 47, 1, 1, 1, 100, 100),
(935, 37, 49, 1, 1, 1, 100, 100),
(936, 37, 48, 1, 1, 1, 100, 100),
(937, 52, 3, 1, 1, 1, 100, 100),
(938, 52, 4, 2, 2, 2, 93, 90),
(939, 37, 50, 1, 1, 1, 100, 100),
(940, 52, 5, 1, 1, 1, 100, 100),
(941, 37, 51, 1, 1, 1, 100, 100),
(942, 52, 6, 3, 3, 1, 58, 49),
(943, 37, 52, 1, 1, 1, 100, 100),
(944, 52, 7, 1, 1, 1, 100, 100),
(945, 52, 8, 1, 1, 1, 100, 100),
(946, 37, 53, 3, 1, 1, 100, 100),
(947, 52, 9, 1, 1, 1, 100, 100),
(948, 52, 10, 1, 1, 1, 100, 100),
(949, 52, 11, 2, 2, 2, 96, 87),
(950, 52, 12, 1, 1, 1, 100, 100),
(951, 52, 13, 1, 1, 1, 100, 100),
(952, 52, 14, 1, 1, 1, 100, 100),
(953, 52, 15, 3, 3, 3, 94, 83),
(954, 52, 16, 1, 1, 1, 100, 100),
(955, 52, 17, 1, 1, 1, 70, 70),
(956, 52, 18, 1, 1, 1, 100, 100),
(957, 52, 19, 1, 1, 1, 89, 89),
(958, 52, 20, 1, 1, 1, 100, 100),
(959, 52, 21, 1, 1, 1, 100, 100),
(960, 52, 22, 1, 1, 1, 100, 100),
(961, 52, 23, 1, 1, 1, 75, 75),
(962, 52, 24, 1, 1, 1, 100, 100),
(963, 52, 25, 1, 1, 1, 66, 66),
(964, 52, 26, 1, 1, 1, 100, 100),
(965, 52, 27, 3, 1, 1, 89, 77),
(966, 44, 16, 1, 1, 1, 100, 100),
(967, 24, 5, 1, 1, 1, 100, 100),
(968, 24, 6, 7, 7, 7, 100, 84),
(969, 44, 17, 1, 1, 1, 91, 91),
(970, 44, 18, 1, 1, 1, 100, 100),
(971, 27, 23, 1, 1, 1, 78, 78),
(972, 27, 24, 1, 1, 1, 100, 100),
(973, 24, 7, 1, 1, 1, 100, 100),
(974, 44, 19, 1, 1, 1, 97, 97),
(975, 24, 8, 1, 1, 1, 100, 100),
(976, 24, 9, 1, 1, 1, 100, 100),
(977, 24, 10, 1, 1, 1, 100, 100),
(978, 24, 11, 8, 8, 7, 100, 66),
(979, 24, 12, 1, 1, 1, 100, 100),
(980, 24, 13, 1, 1, 1, 100, 100),
(981, 24, 14, 2, 2, 2, 100, 100),
(982, 24, 15, 1, 1, 1, 100, 100),
(983, 24, 16, 1, 1, 1, 100, 100),
(984, 24, 17, 5, 4, 3, 100, 65),
(985, 58, 1, 2, 2, 2, 100, 100),
(986, 58, 2, 1, 1, 1, 100, 100),
(987, 24, 18, 1, 1, 1, 100, 100),
(988, 24, 19, 5, 5, 5, 100, 94),
(989, 24, 20, 1, 1, 1, 100, 100),
(990, 26, 27, 6, 5, 1, 67, 44),
(991, 26, 28, 1, 1, 1, 100, 100),
(992, 26, 30, 1, 1, 1, 100, 100),
(993, 44, 20, 1, 1, 1, 100, 100),
(994, 44, 21, 1, 1, 1, 100, 100),
(995, 44, 22, 1, 1, 1, 100, 100),
(996, 44, 23, 1, 1, 1, 93, 93),
(997, 44, 24, 1, 1, 1, 100, 100),
(998, 44, 25, 2, 2, 1, 62, 54),
(999, 26, 31, 8, 1, 1, 92, 80),
(1000, 44, 26, 1, 1, 1, 100, 100),
(1001, 13, 35, 4, 1, 1, 100, 100),
(1003, 17, 3, 1, 1, 1, 100, 100),
(1004, 17, 4, 2, 2, 2, 75, 72),
(1005, 17, 5, 1, 1, 1, 100, 100),
(1006, 17, 6, 3, 3, 1, 58, 44),
(1007, 17, 7, 1, 1, 1, 100, 100),
(1008, 17, 44, 1, 1, 1, 89, 89),
(1009, 17, 8, 1, 1, 1, 100, 100),
(1010, 17, 9, 1, 1, 1, 100, 100),
(1011, 17, 10, 1, 1, 1, 100, 100),
(1012, 17, 11, 1, 1, 1, 87, 87),
(1013, 17, 12, 1, 1, 1, 100, 100),
(1014, 17, 45, 1, 1, 1, 91, 91),
(1015, 17, 13, 1, 1, 1, 100, 100),
(1016, 17, 14, 2, 2, 2, 100, 100),
(1017, 17, 15, 1, 1, 1, 56, 56),
(1018, 17, 16, 1, 1, 1, 100, 100),
(1019, 50, 24, 1, 1, 1, 100, 100),
(1020, 17, 46, 3, 1, 1, 100, 100),
(1021, 17, 17, 1, 1, 1, 87, 87),
(1022, 17, 18, 1, 1, 1, 100, 100),
(1023, 17, 19, 1, 1, 1, 87, 87),
(1024, 17, 20, 1, 1, 1, 100, 100),
(1025, 17, 21, 1, 1, 1, 100, 100),
(1026, 17, 22, 1, 1, 1, 100, 100),
(1027, 17, 23, 1, 1, 1, 62, 62),
(1028, 17, 24, 1, 1, 1, 100, 100),
(1029, 17, 25, 1, 1, 1, 87, 87),
(1030, 17, 26, 1, 1, 1, 100, 100),
(1031, 24, 21, 1, 1, 1, 100, 100),
(1032, 67, 1, 1, 1, 1, 100, 100),
(1033, 67, 2, 1, 1, 1, 100, 100),
(1034, 67, 3, 1, 1, 1, 100, 100),
(1035, 67, 4, 2, 2, 2, 100, 100),
(1036, 67, 5, 1, 1, 1, 100, 100),
(1037, 67, 6, 2, 2, 2, 70, 70),
(1038, 67, 7, 1, 1, 1, 100, 100),
(1039, 67, 8, 1, 1, 1, 100, 100),
(1040, 67, 9, 1, 1, 1, 100, 100),
(1041, 67, 10, 1, 1, 1, 100, 100),
(1042, 67, 11, 1, 1, 1, 100, 100),
(1043, 67, 12, 1, 1, 1, 100, 100),
(1044, 67, 13, 1, 1, 1, 100, 100),
(1045, 67, 14, 1, 1, 1, 100, 100),
(1046, 9, 4, 1, 1, 1, 100, 100),
(1047, 9, 5, 1, 1, 1, 100, 100),
(1048, 9, 6, 8, 8, 8, 83, 75),
(1049, 67, 15, 1, 1, 1, 92, 92),
(1050, 67, 16, 1, 1, 1, 100, 100),
(1051, 67, 17, 3, 3, 3, 100, 78),
(1052, 27, 25, 8, 8, 7, 100, 78),
(1053, 67, 18, 1, 1, 1, 100, 100),
(1054, 9, 7, 1, 1, 1, 100, 100),
(1055, 67, 19, 1, 1, 1, 100, 100),
(1056, 67, 20, 1, 1, 1, 100, 100),
(1057, 67, 21, 1, 1, 1, 100, 100),
(1058, 67, 22, 1, 1, 1, 100, 100),
(1059, 67, 23, 7, 5, 5, 100, 88),
(1060, 67, 24, 1, 1, 1, 100, 100),
(1061, 67, 25, 12, 12, 10, 87, 62),
(1062, 67, 26, 1, 1, 1, 100, 100),
(1063, 27, 26, 1, 1, 1, 100, 100),
(1064, 17, 27, 11, 7, 1, 100, 64),
(1065, 44, 27, 2, 1, 1, 83, 78),
(1066, 29, 1, 1, 1, 1, 100, 100),
(1067, 29, 2, 1, 1, 1, 100, 100),
(1068, 41, 3, 1, 1, 1, 100, 100),
(1069, 41, 4, 4, 4, 4, 100, 93),
(1070, 41, 5, 1, 1, 1, 100, 100),
(1071, 44, 28, 1, 1, 1, 100, 100),
(1072, 67, 27, 1, 1, 1, 90, 90),
(1073, 41, 6, 12, 12, 12, 83, 67),
(1074, 67, 28, 1, 1, 1, 100, 100),
(1075, 67, 30, 2, 2, 2, 100, 100),
(1076, 26, 32, 2, 2, 2, 100, 100),
(1077, 26, 29, 1, 1, 1, 54, 54),
(1078, 26, 33, 4, 2, 1, 85, 36),
(1079, 41, 7, 1, 1, 1, 100, 100),
(1080, 41, 8, 1, 1, 1, 100, 100),
(1081, 41, 9, 1, 1, 1, 100, 100),
(1082, 41, 10, 1, 1, 1, 100, 100),
(1083, 41, 11, 1, 1, 1, 95, 95),
(1084, 44, 30, 1, 1, 1, 100, 100),
(1085, 29, 3, 1, 1, 1, 100, 100),
(1086, 44, 31, 6, 1, 1, 95, 90),
(1087, 41, 12, 1, 1, 1, 100, 100),
(1088, 19, 19, 5, 5, 5, 100, 88),
(1089, 41, 13, 1, 1, 1, 100, 100),
(1090, 41, 14, 1, 1, 1, 100, 100),
(1091, 41, 15, 1, 1, 1, 100, 100),
(1092, 41, 16, 1, 1, 1, 100, 100),
(1093, 41, 17, 5, 4, 4, 100, 60),
(1094, 44, 32, 1, 1, 1, 100, 100),
(1095, 44, 29, 1, 1, 1, 50, 50),
(1096, 44, 33, 1, 1, 1, 57, 57),
(1097, 44, 34, 1, 1, 1, 100, 100),
(1098, 26, 34, 1, 1, 1, 100, 100),
(1099, 44, 35, 5, 1, 1, 100, 95),
(1100, 67, 31, 4, 1, 1, 100, 93),
(1101, 41, 18, 1, 1, 1, 100, 100),
(1102, 26, 35, 1, 1, 1, 76, 76),
(1103, 26, 36, 1, 1, 1, 100, 100),
(1104, 26, 37, 1, 1, 1, 73, 73),
(1105, 44, 36, 1, 1, 1, 100, 100),
(1106, 44, 37, 3, 1, 1, 93, 84),
(1107, 9, 8, 1, 1, 1, 100, 100),
(1108, 9, 9, 1, 1, 1, 100, 100),
(1109, 9, 10, 1, 1, 1, 100, 100),
(1110, 26, 38, 1, 1, 1, 98, 98),
(1111, 26, 39, 1, 1, 1, 100, 100),
(1112, 44, 38, 1, 1, 1, 66, 66),
(1113, 26, 40, 1, 1, 1, 84, 84),
(1114, 44, 39, 1, 1, 1, 100, 100),
(1115, 26, 41, 1, 1, 1, 100, 100),
(1116, 26, 42, 1, 1, 1, 100, 100),
(1117, 18, 15, 1, 1, 1, 82, 82),
(1118, 18, 16, 1, 1, 1, 100, 100),
(1119, 18, 17, 1, 1, 1, 100, 100),
(1120, 18, 18, 1, 1, 1, 100, 100),
(1121, 18, 19, 1, 1, 1, 73, 73),
(1122, 18, 20, 1, 1, 1, 100, 100),
(1123, 18, 21, 1, 1, 1, 100, 100),
(1124, 18, 22, 1, 1, 1, 100, 100),
(1125, 24, 22, 1, 1, 1, 100, 100),
(1126, 24, 23, 3, 3, 3, 100, 87),
(1128, 19, 20, 1, 1, 1, 100, 100),
(1129, 19, 21, 1, 1, 1, 100, 100),
(1130, 19, 22, 1, 1, 1, 100, 100),
(1131, 19, 23, 20, 20, 20, 85, 70),
(1132, 44, 40, 1, 1, 1, 93, 93),
(1133, 44, 41, 1, 1, 1, 100, 100),
(1134, 44, 42, 1, 1, 1, 100, 100),
(1135, 19, 24, 1, 1, 1, 100, 100),
(1136, 18, 23, 1, 1, 1, 67, 67),
(1137, 18, 24, 1, 1, 1, 100, 100),
(1138, 11, 3, 1, 1, 1, 100, 100),
(1139, 27, 27, 1, 1, 1, 80, 80),
(1140, 27, 28, 1, 1, 1, 100, 100),
(1141, 27, 30, 1, 1, 1, 100, 100),
(1142, 72, 27, 1, 1, 1, 55, 55),
(1143, 72, 28, 1, 1, 1, 100, 100),
(1144, 72, 30, 1, 1, 1, 100, 100),
(1145, 72, 31, 1, 1, 1, 86, 86),
(1146, 72, 32, 1, 1, 1, 100, 100),
(1147, 72, 29, 1, 1, 1, 100, 100),
(1148, 72, 33, 2, 2, 2, 71, 71),
(1149, 72, 34, 1, 1, 1, 100, 100),
(1150, 72, 35, 1, 1, 1, 57, 57),
(1151, 72, 36, 1, 1, 1, 100, 100),
(1152, 49, 5, 1, 1, 1, 100, 100),
(1153, 49, 6, 1, 1, 1, 70, 70),
(1154, 49, 7, 1, 1, 1, 100, 100),
(1155, 49, 8, 1, 1, 1, 100, 100),
(1156, 49, 9, 1, 1, 1, 100, 100),
(1157, 49, 10, 1, 1, 1, 100, 100),
(1158, 49, 11, 1, 1, 1, 93, 93),
(1159, 49, 12, 1, 1, 1, 100, 100),
(1160, 49, 13, 1, 1, 1, 100, 100),
(1161, 49, 14, 1, 1, 1, 100, 100),
(1162, 72, 37, 2, 1, 1, 59, 52),
(1163, 49, 15, 1, 1, 1, 90, 90),
(1164, 49, 16, 1, 1, 1, 100, 100),
(1165, 41, 19, 1, 1, 1, 100, 100),
(1166, 49, 17, 1, 1, 1, 62, 62),
(1167, 49, 18, 1, 1, 1, 100, 100),
(1168, 41, 20, 1, 1, 1, 100, 100),
(1169, 41, 21, 1, 1, 1, 100, 100),
(1170, 41, 22, 1, 1, 1, 100, 100),
(1171, 49, 19, 1, 1, 1, 72, 72),
(1172, 49, 20, 1, 1, 1, 100, 100),
(1173, 49, 21, 1, 1, 1, 100, 100),
(1174, 49, 22, 1, 1, 1, 100, 100),
(1175, 49, 23, 1, 1, 1, 76, 76),
(1176, 49, 24, 1, 1, 1, 100, 100),
(1177, 49, 25, 1, 1, 1, 50, 50),
(1178, 49, 26, 1, 1, 1, 100, 100),
(1179, 49, 27, 9, 7, 1, 64, 48),
(1180, 50, 25, 1, 1, 1, 62, 62),
(1181, 69, 10, 1, 1, 1, 100, 100),
(1182, 69, 11, 1, 1, 1, 97, 97),
(1183, 69, 12, 1, 1, 1, 100, 100),
(1184, 69, 13, 1, 1, 1, 100, 100),
(1185, 69, 14, 1, 1, 1, 100, 100),
(1186, 69, 15, 1, 1, 1, 54, 54),
(1187, 69, 16, 1, 1, 1, 100, 100),
(1188, 69, 17, 2, 2, 1, 50, 48),
(1189, 69, 18, 1, 1, 1, 100, 100),
(1190, 69, 19, 1, 1, 1, 77, 77),
(1191, 69, 20, 1, 1, 1, 100, 100),
(1192, 69, 21, 1, 1, 1, 100, 100),
(1193, 69, 22, 1, 1, 1, 100, 100),
(1194, 69, 23, 1, 1, 1, 59, 59),
(1195, 69, 24, 1, 1, 1, 100, 100),
(1196, 69, 25, 1, 1, 1, 62, 62),
(1197, 69, 26, 1, 1, 1, 100, 100),
(1198, 69, 27, 1, 1, 1, 50, 50),
(1199, 69, 28, 1, 1, 1, 100, 100),
(1200, 69, 30, 1, 1, 1, 100, 100),
(1201, 72, 38, 1, 1, 1, 81, 81),
(1202, 72, 39, 1, 1, 1, 100, 100),
(1203, 58, 3, 1, 1, 1, 100, 100),
(1204, 58, 4, 1, 1, 1, 80, 80),
(1205, 58, 5, 1, 1, 1, 100, 100),
(1206, 58, 6, 1, 1, 1, 83, 83),
(1207, 58, 7, 1, 1, 1, 100, 100),
(1208, 58, 8, 1, 1, 1, 100, 100),
(1209, 58, 9, 1, 1, 1, 100, 100),
(1210, 41, 23, 1, 1, 1, 78, 78),
(1211, 41, 24, 1, 1, 1, 100, 100),
(1212, 69, 31, 2, 1, 1, 80, 76),
(1213, 59, 1, 1, 1, 1, 100, 100),
(1214, 49, 28, 1, 1, 1, 100, 100),
(1215, 49, 30, 1, 1, 1, 100, 100),
(1216, 59, 2, 1, 1, 1, 100, 100),
(1217, 69, 32, 1, 1, 1, 100, 100),
(1218, 69, 29, 5, 5, 1, 50, 36),
(1219, 69, 33, 7, 6, 1, 57, 30),
(1220, 41, 25, 2, 2, 1, 62, 48),
(1221, 59, 3, 1, 1, 1, 100, 100),
(1222, 69, 34, 1, 1, 1, 100, 100),
(1223, 69, 35, 7, 1, 1, 82, 69),
(1224, 59, 4, 1, 1, 1, 97, 97),
(1225, 59, 5, 1, 1, 1, 100, 100),
(1226, 59, 6, 5, 5, 4, 87, 76),
(1227, 72, 40, 1, 1, 1, 77, 77),
(1228, 72, 41, 1, 1, 1, 100, 100),
(1229, 59, 7, 1, 1, 1, 100, 100),
(1230, 59, 8, 1, 1, 1, 100, 100),
(1231, 59, 9, 1, 1, 1, 100, 100),
(1232, 72, 42, 1, 1, 1, 100, 100),
(1233, 49, 31, 1, 1, 1, 62, 62),
(1234, 49, 32, 1, 1, 1, 100, 100),
(1235, 59, 10, 1, 1, 1, 100, 100),
(1236, 49, 29, 2, 1, 1, 66, 39),
(1237, 49, 33, 4, 4, 1, 57, 42),
(1238, 59, 11, 1, 1, 1, 87, 87),
(1239, 49, 34, 1, 1, 1, 100, 100),
(1240, 59, 12, 1, 1, 1, 100, 100),
(1241, 59, 13, 1, 1, 1, 100, 100),
(1242, 59, 14, 1, 1, 1, 100, 100),
(1243, 59, 15, 1, 1, 1, 82, 82),
(1244, 59, 16, 1, 1, 1, 100, 100),
(1245, 59, 17, 2, 2, 2, 100, 88),
(1246, 59, 18, 1, 1, 1, 100, 100),
(1247, 49, 35, 1, 1, 1, 82, 82),
(1248, 49, 36, 1, 1, 1, 100, 100),
(1249, 41, 26, 1, 1, 1, 100, 100),
(1250, 72, 44, 1, 1, 1, 88, 88),
(1251, 41, 27, 3, 1, 1, 100, 88),
(1252, 59, 19, 1, 1, 1, 100, 100),
(1253, 59, 20, 1, 1, 1, 100, 100),
(1254, 59, 21, 1, 1, 1, 100, 100),
(1255, 59, 22, 1, 1, 1, 100, 100),
(1256, 49, 37, 1, 1, 1, 62, 62),
(1257, 69, 36, 1, 1, 1, 100, 100),
(1258, 69, 37, 3, 1, 1, 93, 82),
(1259, 59, 23, 3, 1, 1, 87, 80),
(1260, 49, 38, 4, 1, 1, 89, 82),
(1261, 49, 39, 2, 2, 2, 100, 100),
(1262, 24, 24, 1, 1, 1, 100, 100),
(1263, 24, 25, 33, 33, 32, 100, 69),
(1264, 59, 24, 1, 1, 1, 100, 100),
(1265, 49, 40, 1, 1, 1, 78, 78),
(1266, 49, 41, 1, 1, 1, 100, 100),
(1267, 49, 42, 1, 1, 1, 100, 100),
(1268, 59, 25, 3, 3, 3, 100, 93),
(1269, 59, 26, 1, 1, 1, 100, 100),
(1270, 59, 27, 1, 1, 1, 61, 61),
(1271, 59, 28, 1, 1, 1, 100, 100),
(1272, 59, 30, 1, 1, 1, 100, 100),
(1273, 24, 26, 2, 2, 2, 100, 100),
(1274, 69, 38, 1, 1, 1, 63, 63),
(1275, 69, 39, 1, 1, 1, 100, 100),
(1276, 59, 31, 1, 1, 1, 91, 91),
(1277, 59, 32, 1, 1, 1, 100, 100),
(1278, 59, 29, 12, 12, 12, 87, 71),
(1279, 59, 33, 3, 3, 1, 71, 52),
(1280, 24, 27, 13, 3, 3, 95, 78),
(1281, 59, 34, 1, 1, 1, 100, 100),
(1282, 59, 35, 5, 1, 1, 90, 78),
(1283, 16, 31, 1, 1, 1, 100, 100),
(1284, 16, 32, 1, 1, 1, 100, 100),
(1285, 16, 29, 1, 1, 1, 87, 87),
(1286, 16, 33, 1, 1, 1, 100, 100),
(1287, 16, 34, 1, 1, 1, 100, 100),
(1288, 16, 35, 1, 1, 1, 95, 95),
(1289, 16, 36, 1, 1, 1, 100, 100),
(1290, 16, 37, 2, 1, 1, 89, 89),
(1291, 24, 28, 1, 1, 1, 100, 100),
(1292, 24, 30, 2, 2, 2, 100, 100),
(1293, 11, 4, 3, 3, 3, 100, 81),
(1294, 11, 5, 1, 1, 1, 100, 100),
(1295, 11, 6, 2, 2, 2, 100, 77),
(1296, 11, 7, 1, 1, 1, 100, 100),
(1297, 11, 8, 1, 1, 1, 100, 100),
(1298, 19, 25, 5, 3, 3, 100, 60),
(1299, 11, 9, 1, 1, 1, 100, 100),
(1300, 16, 38, 4, 1, 1, 100, 95),
(1301, 11, 10, 1, 1, 1, 100, 100),
(1302, 19, 26, 1, 1, 1, 100, 100),
(1303, 11, 11, 1, 1, 1, 92, 92),
(1304, 11, 12, 1, 1, 1, 100, 100),
(1305, 16, 39, 1, 1, 1, 100, 100),
(1306, 69, 40, 9, 0, 0, 96, 89),
(1307, 16, 40, 1, 1, 1, 100, 100),
(1308, 16, 41, 2, 2, 2, 100, 100),
(1309, 16, 42, 2, 2, 2, 100, 100),
(1310, 73, 1, 1, 1, 1, 100, 100),
(1311, 73, 2, 1, 1, 1, 100, 100),
(1312, 73, 3, 1, 1, 1, 100, 100),
(1313, 73, 4, 1, 1, 1, 100, 100),
(1314, 73, 5, 1, 1, 1, 100, 100),
(1315, 73, 6, 4, 4, 4, 75, 72),
(1316, 32, 1, 1, 1, 1, 100, 100),
(1317, 32, 2, 1, 1, 1, 100, 100),
(1318, 32, 3, 1, 1, 1, 100, 100),
(1319, 32, 4, 1, 1, 1, 100, 100),
(1320, 32, 5, 1, 1, 1, 100, 100),
(1321, 32, 6, 1, 1, 1, 58, 58),
(1322, 32, 7, 1, 1, 1, 100, 100),
(1323, 32, 8, 1, 1, 1, 100, 100),
(1324, 32, 9, 1, 1, 1, 100, 100),
(1325, 32, 10, 1, 1, 1, 100, 100),
(1326, 32, 11, 1, 1, 1, 100, 100),
(1327, 32, 12, 1, 1, 1, 100, 100),
(1328, 32, 13, 1, 1, 1, 100, 100),
(1329, 32, 14, 1, 1, 1, 100, 100),
(1330, 32, 15, 1, 1, 1, 100, 100),
(1331, 32, 16, 1, 1, 1, 100, 100),
(1332, 56, 19, 1, 1, 1, 73, 73),
(1333, 56, 20, 1, 1, 1, 100, 100),
(1334, 56, 21, 1, 1, 1, 100, 100),
(1335, 56, 22, 1, 1, 1, 100, 100),
(1336, 32, 17, 1, 1, 1, 62, 62),
(1337, 32, 18, 1, 1, 1, 100, 100),
(1338, 32, 19, 1, 1, 1, 100, 100),
(1339, 32, 20, 1, 1, 1, 100, 100),
(1340, 32, 21, 1, 1, 1, 100, 100),
(1341, 32, 22, 1, 1, 1, 100, 100),
(1342, 56, 23, 2, 1, 1, 60, 48),
(1343, 32, 23, 1, 1, 1, 77, 77),
(1344, 32, 24, 1, 1, 1, 100, 100),
(1345, 32, 25, 1, 1, 1, 50, 50),
(1346, 32, 26, 1, 1, 1, 100, 100),
(1347, 29, 4, 1, 1, 1, 100, 100),
(1348, 29, 5, 1, 1, 1, 100, 100),
(1349, 29, 6, 1, 1, 1, 75, 75),
(1350, 29, 7, 1, 1, 1, 100, 100),
(1351, 29, 8, 1, 1, 1, 100, 100),
(1352, 29, 9, 1, 1, 1, 100, 100),
(1353, 29, 10, 1, 1, 1, 100, 100),
(1354, 29, 11, 1, 1, 1, 100, 100),
(1355, 29, 12, 1, 1, 1, 100, 100),
(1356, 32, 27, 1, 1, 1, 61, 61),
(1357, 29, 13, 1, 1, 1, 100, 100),
(1358, 32, 28, 1, 1, 1, 100, 100),
(1359, 29, 14, 1, 1, 1, 100, 100),
(1360, 32, 30, 1, 1, 1, 100, 100),
(1361, 24, 31, 2, 2, 2, 88, 73),
(1362, 24, 32, 1, 1, 1, 100, 100),
(1363, 29, 15, 1, 1, 1, 61, 61),
(1364, 29, 16, 1, 1, 1, 100, 100),
(1365, 29, 17, 1, 1, 1, 75, 75),
(1366, 29, 18, 1, 1, 1, 100, 100),
(1367, 24, 29, 1, 1, 1, 50, 50),
(1368, 24, 33, 2, 2, 2, 71, 71),
(1369, 32, 31, 6, 1, 1, 65, 59),
(1370, 24, 34, 2, 2, 2, 100, 100),
(1371, 32, 32, 1, 1, 1, 100, 100),
(1372, 32, 29, 1, 1, 1, 87, 87),
(1373, 32, 33, 3, 2, 1, 57, 33),
(1374, 32, 34, 1, 1, 1, 100, 100),
(1375, 32, 35, 1, 1, 1, 65, 65),
(1376, 32, 36, 1, 1, 1, 100, 100),
(1377, 32, 37, 1, 1, 1, 76, 76),
(1378, 32, 38, 1, 1, 1, 68, 68),
(1379, 32, 39, 1, 1, 1, 100, 100),
(1380, 32, 40, 1, 1, 1, 89, 89),
(1381, 32, 41, 1, 1, 1, 100, 100),
(1382, 32, 42, 2, 2, 2, 100, 100),
(1385, 11, 13, 1, 1, 1, 100, 100),
(1386, 11, 14, 1, 1, 1, 100, 100),
(1387, 11, 15, 1, 1, 1, 77, 77),
(1388, 11, 16, 1, 1, 1, 100, 100),
(1389, 11, 17, 1, 1, 1, 75, 75),
(1390, 11, 18, 1, 1, 1, 100, 100),
(1391, 11, 19, 2, 2, 2, 87, 81),
(1392, 11, 20, 1, 1, 1, 100, 100),
(1393, 11, 21, 1, 1, 1, 100, 100),
(1394, 11, 22, 1, 1, 1, 100, 100),
(1395, 11, 23, 1, 1, 1, 53, 53),
(1396, 11, 24, 1, 1, 1, 100, 100),
(1397, 11, 25, 1, 1, 1, 62, 62),
(1398, 11, 26, 1, 1, 1, 100, 100),
(1399, 11, 27, 5, 1, 1, 73, 49),
(1400, 29, 19, 1, 1, 1, 100, 100),
(1401, 29, 20, 1, 1, 1, 100, 100),
(1402, 29, 21, 1, 1, 1, 100, 100),
(1403, 29, 22, 1, 1, 1, 100, 100),
(1404, 29, 23, 1, 1, 1, 78, 78),
(1405, 29, 24, 1, 1, 1, 100, 100),
(1406, 29, 25, 1, 1, 1, 62, 62),
(1407, 29, 26, 1, 1, 1, 100, 100),
(1408, 11, 28, 1, 1, 1, 100, 100),
(1409, 11, 30, 1, 1, 1, 100, 100),
(1410, 29, 27, 3, 3, 1, 61, 52),
(1411, 62, 9, 1, 1, 1, 100, 100),
(1412, 62, 10, 1, 1, 1, 100, 100),
(1413, 62, 11, 1, 1, 1, 100, 100),
(1414, 62, 12, 1, 1, 1, 100, 100),
(1415, 62, 13, 1, 1, 1, 100, 100),
(1416, 62, 14, 1, 1, 1, 100, 100),
(1417, 62, 15, 1, 1, 1, 80, 80),
(1418, 62, 16, 1, 1, 1, 100, 100),
(1419, 29, 28, 1, 1, 1, 100, 100),
(1420, 29, 30, 1, 1, 1, 100, 100),
(1421, 62, 17, 1, 1, 1, 70, 70),
(1422, 62, 18, 1, 1, 1, 100, 100),
(1423, 62, 19, 1, 1, 1, 87, 87),
(1424, 62, 20, 1, 1, 1, 100, 100),
(1425, 62, 21, 1, 1, 1, 100, 100),
(1426, 62, 22, 1, 1, 1, 100, 100),
(1427, 62, 23, 1, 1, 1, 65, 65),
(1428, 62, 24, 1, 1, 1, 100, 100),
(1429, 62, 25, 1, 1, 1, 100, 100),
(1430, 62, 26, 1, 1, 1, 100, 100),
(1431, 62, 27, 8, 4, 1, 100, 69),
(1432, 29, 31, 1, 1, 1, 65, 65),
(1433, 29, 32, 1, 1, 1, 100, 100),
(1434, 29, 29, 1, 1, 1, 50, 50),
(1435, 29, 33, 4, 3, 1, 57, 32),
(1436, 29, 34, 1, 1, 1, 100, 100),
(1437, 29, 35, 1, 1, 1, 93, 93),
(1438, 29, 36, 1, 1, 1, 100, 100),
(1439, 29, 37, 1, 1, 1, 72, 72),
(1440, 14, 25, 1, 1, 1, 62, 62),
(1441, 14, 26, 1, 1, 1, 100, 100),
(1442, 29, 38, 1, 1, 1, 76, 76),
(1443, 29, 39, 1, 1, 1, 100, 100),
(1444, 29, 40, 1, 1, 1, 100, 100),
(1445, 29, 41, 1, 1, 1, 100, 100),
(1446, 29, 42, 1, 1, 1, 100, 100),
(1447, 43, 27, 1, 1, 1, 66, 66),
(1448, 43, 28, 1, 1, 1, 100, 100),
(1450, 43, 30, 1, 1, 1, 100, 100),
(1451, 50, 26, 1, 1, 1, 100, 100),
(1452, 24, 35, 1, 1, 1, 85, 85),
(1453, 24, 36, 1, 1, 1, 100, 100),
(1454, 19, 27, 7, 6, 3, 100, 57),
(1455, 50, 27, 2, 1, 1, 84, 72),
(1456, 19, 28, 2, 2, 2, 100, 100),
(1457, 19, 30, 1, 1, 1, 100, 100),
(1458, 9, 11, 2, 2, 2, 55, 55),
(1459, 9, 12, 1, 1, 1, 100, 100),
(1460, 68, 2, 1, 1, 1, 100, 100),
(1461, 9, 13, 1, 1, 1, 100, 100),
(1462, 9, 14, 1, 1, 1, 100, 100),
(1463, 68, 3, 1, 1, 1, 100, 100),
(1464, 9, 15, 1, 1, 1, 59, 59),
(1465, 68, 4, 3, 3, 1, 100, 47),
(1466, 9, 16, 1, 1, 1, 100, 100),
(1467, 9, 17, 2, 2, 1, 87, 64),
(1468, 68, 5, 1, 1, 1, 100, 100),
(1469, 68, 6, 12, 9, 5, 87, 44),
(1470, 13, 36, 1, 1, 1, 100, 100),
(1471, 68, 7, 1, 1, 1, 100, 100),
(1472, 68, 8, 1, 1, 1, 100, 100),
(1473, 68, 9, 1, 1, 1, 100, 100),
(1474, 68, 10, 1, 1, 1, 100, 100),
(1475, 13, 37, 1, 1, 1, 84, 84),
(1476, 68, 11, 2, 2, 2, 67, 67),
(1477, 19, 31, 3, 1, 1, 81, 68),
(1478, 68, 12, 1, 1, 1, 100, 100),
(1479, 68, 13, 1, 1, 1, 100, 100),
(1480, 68, 14, 1, 1, 1, 100, 100),
(1481, 68, 15, 2, 2, 2, 92, 85),
(1482, 68, 16, 1, 1, 1, 100, 100),
(1483, 68, 17, 2, 2, 1, 62, 50),
(1484, 68, 18, 1, 1, 1, 100, 100),
(1485, 20, 31, 1, 1, 1, 97, 97),
(1486, 20, 32, 1, 1, 1, 100, 100),
(1487, 19, 32, 1, 1, 1, 100, 100),
(1488, 20, 29, 1, 1, 1, 100, 100),
(1489, 24, 37, 1, 1, 1, 59, 59),
(1490, 19, 29, 2, 2, 2, 100, 94),
(1491, 20, 33, 1, 1, 1, 71, 71),
(1492, 20, 34, 1, 1, 1, 100, 100),
(1493, 19, 33, 1, 1, 1, 100, 100),
(1494, 19, 34, 1, 1, 1, 100, 100),
(1495, 13, 38, 1, 1, 1, 99, 99),
(1496, 68, 19, 1, 1, 1, 100, 100),
(1497, 68, 20, 1, 1, 1, 100, 100),
(1498, 68, 21, 1, 1, 1, 100, 100),
(1499, 68, 22, 1, 1, 1, 100, 100),
(1500, 68, 23, 7, 1, 1, 100, 91),
(1501, 19, 35, 3, 1, 1, 100, 96),
(1502, 20, 35, 1, 1, 1, 93, 93),
(1503, 20, 36, 1, 1, 1, 100, 100),
(1504, 19, 36, 1, 1, 1, 100, 100),
(1505, 8, 1, 1, 1, 1, 100, 100),
(1506, 8, 2, 1, 1, 1, 100, 100),
(1507, 9, 18, 1, 1, 1, 100, 100),
(1508, 8, 3, 1, 1, 1, 100, 100),
(1509, 8, 4, 3, 3, 3, 80, 73),
(1510, 20, 37, 3, 1, 1, 85, 83),
(1511, 8, 5, 1, 1, 1, 100, 100),
(1512, 19, 37, 1, 1, 1, 68, 68),
(1513, 8, 6, 1, 1, 1, 75, 75),
(1514, 8, 7, 1, 1, 1, 100, 100),
(1515, 8, 8, 1, 1, 1, 100, 100),
(1516, 8, 9, 1, 1, 1, 100, 100),
(1517, 8, 10, 1, 1, 1, 100, 100),
(1518, 9, 19, 1, 1, 1, 100, 100),
(1519, 9, 20, 1, 1, 1, 100, 100),
(1520, 9, 21, 1, 1, 1, 100, 100),
(1521, 9, 22, 1, 1, 1, 100, 100),
(1522, 8, 11, 1, 1, 1, 72, 72),
(1523, 8, 12, 1, 1, 1, 100, 100),
(1524, 8, 13, 1, 1, 1, 100, 100),
(1525, 8, 14, 1, 1, 1, 100, 100),
(1526, 67, 32, 1, 1, 1, 100, 100),
(1527, 9, 23, 1, 1, 1, 73, 73),
(1528, 9, 24, 1, 1, 1, 100, 100),
(1529, 8, 15, 1, 1, 1, 62, 62),
(1530, 8, 16, 1, 1, 1, 100, 100),
(1531, 9, 25, 1, 1, 1, 75, 75),
(1532, 8, 17, 2, 2, 1, 83, 54),
(1533, 9, 26, 1, 1, 1, 100, 100),
(1534, 8, 18, 1, 1, 1, 100, 100),
(1535, 8, 19, 1, 1, 1, 90, 90),
(1536, 8, 20, 1, 1, 1, 100, 100),
(1537, 8, 21, 1, 1, 1, 100, 100),
(1538, 8, 22, 1, 1, 1, 100, 100),
(1539, 67, 29, 3, 3, 3, 87, 71),
(1540, 8, 23, 1, 1, 1, 69, 69),
(1541, 8, 24, 1, 1, 1, 100, 100),
(1542, 19, 38, 1, 1, 1, 87, 87),
(1543, 67, 33, 1, 1, 1, 71, 71),
(1544, 19, 39, 1, 1, 1, 100, 100),
(1545, 67, 34, 1, 1, 1, 100, 100),
(1546, 8, 25, 1, 1, 1, 62, 62),
(1547, 8, 26, 1, 1, 1, 100, 100),
(1548, 9, 27, 1, 1, 1, 52, 52),
(1549, 9, 28, 1, 1, 1, 100, 100),
(1550, 9, 30, 1, 1, 1, 100, 100),
(1551, 24, 38, 1, 1, 1, 85, 85),
(1552, 24, 39, 1, 1, 1, 100, 100),
(1553, 8, 27, 5, 4, 1, 67, 45),
(1554, 43, 31, 1, 1, 1, 96, 96),
(1555, 43, 32, 1, 1, 1, 100, 100),
(1556, 67, 35, 3, 1, 1, 99, 96),
(1557, 20, 38, 3, 1, 1, 100, 100),
(1558, 43, 29, 8, 8, 8, 100, 79),
(1559, 8, 28, 1, 1, 1, 100, 100),
(1560, 8, 30, 1, 1, 1, 100, 100),
(1561, 64, 7, 1, 1, 1, 100, 100),
(1562, 43, 33, 2, 2, 1, 57, 50),
(1563, 64, 8, 1, 1, 1, 100, 100),
(1564, 64, 9, 1, 1, 1, 100, 100),
(1565, 64, 10, 1, 1, 1, 100, 100),
(1566, 19, 40, 1, 1, 1, 84, 84),
(1567, 19, 41, 1, 1, 1, 100, 100),
(1568, 43, 34, 1, 1, 1, 100, 100),
(1569, 19, 42, 1, 1, 1, 100, 100),
(1570, 64, 11, 1, 1, 1, 100, 100),
(1571, 64, 12, 1, 1, 1, 100, 100),
(1572, 64, 13, 1, 1, 1, 100, 100),
(1573, 64, 14, 1, 1, 1, 100, 100),
(1574, 67, 36, 1, 1, 1, 100, 100),
(1575, 8, 31, 1, 1, 1, 72, 72),
(1576, 64, 15, 1, 1, 1, 51, 51),
(1577, 8, 32, 1, 1, 1, 100, 100),
(1578, 64, 16, 1, 1, 1, 100, 100),
(1579, 64, 17, 1, 1, 1, 66, 66),
(1580, 8, 29, 3, 3, 1, 87, 54),
(1581, 64, 18, 1, 1, 1, 100, 100),
(1582, 8, 33, 3, 1, 1, 85, 38),
(1583, 8, 34, 1, 1, 1, 100, 100),
(1584, 20, 39, 1, 1, 1, 100, 100),
(1585, 43, 35, 1, 1, 1, 75, 75),
(1586, 43, 36, 1, 1, 1, 100, 100),
(1587, 8, 35, 1, 1, 1, 90, 90),
(1588, 8, 36, 1, 1, 1, 100, 100),
(1589, 24, 40, 1, 1, 1, 96, 96),
(1590, 24, 41, 1, 1, 1, 100, 100),
(1591, 24, 42, 1, 1, 1, 100, 100),
(1592, 8, 37, 1, 1, 1, 65, 65),
(1593, 67, 37, 1, 1, 1, 80, 80),
(1594, 20, 40, 1, 1, 1, 100, 100),
(1595, 20, 41, 1, 1, 1, 100, 100),
(1596, 20, 42, 1, 1, 1, 100, 100),
(1597, 67, 38, 8, 1, 1, 100, 99),
(1598, 43, 37, 1, 1, 1, 61, 61),
(1599, 8, 38, 2, 1, 1, 100, 88),
(1600, 43, 38, 5, 1, 1, 93, 88),
(1601, 68, 24, 1, 1, 1, 100, 100),
(1602, 64, 19, 1, 1, 1, 91, 91),
(1603, 64, 20, 1, 1, 1, 100, 100),
(1604, 64, 21, 1, 1, 1, 100, 100),
(1605, 68, 25, 1, 1, 1, 87, 87),
(1606, 64, 22, 1, 1, 1, 100, 100),
(1607, 68, 26, 2, 2, 2, 100, 100),
(1608, 41, 28, 1, 1, 1, 100, 100),
(1609, 41, 30, 1, 1, 1, 100, 100),
(1610, 64, 23, 2, 2, 1, 65, 54),
(1611, 62, 28, 1, 1, 1, 100, 100),
(1612, 62, 30, 1, 1, 1, 100, 100),
(1613, 68, 27, 2, 2, 1, 54, 48),
(1614, 43, 39, 1, 1, 1, 100, 100),
(1615, 64, 24, 1, 1, 1, 100, 100);
INSERT INTO `questprogress` (`qproId`, `userId`, `questId`, `attempt`, `clear`, `pass`, `maxScore`, `meanScore`) VALUES
(1616, 64, 25, 1, 1, 1, 54, 54),
(1617, 64, 26, 1, 1, 1, 100, 100),
(1618, 68, 28, 1, 1, 1, 100, 100),
(1619, 68, 30, 1, 1, 1, 100, 100),
(1620, 62, 31, 3, 1, 1, 92, 83),
(1621, 67, 39, 1, 1, 1, 100, 100),
(1622, 64, 27, 2, 2, 1, 57, 53),
(1623, 43, 40, 3, 1, 1, 93, 84),
(1624, 41, 31, 1, 1, 1, 100, 100),
(1625, 41, 32, 1, 1, 1, 100, 100),
(1626, 64, 28, 1, 1, 1, 100, 100),
(1627, 64, 30, 2, 2, 2, 100, 100),
(1628, 62, 32, 1, 1, 1, 100, 100),
(1629, 67, 40, 1, 1, 1, 99, 99),
(1630, 62, 29, 1, 1, 1, 79, 79),
(1631, 67, 41, 1, 1, 1, 100, 100),
(1632, 67, 42, 1, 1, 1, 100, 100),
(1633, 68, 31, 1, 1, 1, 65, 65),
(1634, 68, 32, 1, 1, 1, 100, 100),
(1635, 68, 29, 4, 4, 1, 87, 50),
(1636, 41, 29, 1, 1, 1, 87, 87),
(1637, 68, 33, 3, 2, 1, 57, 33),
(1638, 68, 34, 1, 1, 1, 100, 100),
(1639, 43, 41, 1, 1, 1, 100, 100),
(1640, 43, 42, 1, 1, 1, 100, 100),
(1641, 62, 33, 1, 1, 1, 57, 57),
(1642, 62, 34, 1, 1, 1, 100, 100),
(1643, 41, 33, 1, 1, 1, 71, 71),
(1644, 41, 34, 1, 1, 1, 100, 100),
(1645, 59, 36, 1, 1, 1, 100, 100),
(1646, 18, 25, 1, 1, 1, 54, 54),
(1647, 18, 26, 1, 1, 1, 100, 100),
(1648, 68, 35, 1, 1, 1, 83, 83),
(1649, 68, 36, 1, 1, 1, 100, 100),
(1650, 64, 31, 1, 1, 1, 87, 87),
(1651, 64, 32, 1, 1, 1, 100, 100),
(1652, 68, 37, 3, 1, 1, 98, 87),
(1653, 64, 29, 7, 5, 1, 87, 37),
(1654, 62, 35, 3, 1, 1, 100, 96),
(1655, 31, 6, 6, 6, 3, 83, 54),
(1656, 58, 10, 1, 1, 1, 100, 100),
(1657, 31, 7, 1, 1, 1, 100, 100),
(1658, 31, 8, 1, 1, 1, 100, 100),
(1659, 31, 9, 1, 1, 1, 100, 100),
(1660, 31, 10, 1, 1, 1, 100, 100),
(1661, 64, 33, 1, 1, 1, 71, 71),
(1662, 64, 34, 1, 1, 1, 100, 100),
(1663, 31, 11, 1, 1, 1, 100, 100),
(1664, 31, 12, 1, 1, 1, 100, 100),
(1665, 31, 13, 1, 1, 1, 100, 100),
(1666, 31, 14, 1, 1, 1, 100, 100),
(1667, 31, 15, 1, 1, 1, 100, 100),
(1668, 31, 16, 1, 1, 1, 100, 100),
(1669, 41, 35, 1, 1, 1, 99, 99),
(1670, 31, 17, 1, 1, 1, 66, 66),
(1671, 41, 36, 1, 1, 1, 100, 100),
(1672, 31, 18, 1, 1, 1, 100, 100),
(1673, 59, 37, 1, 1, 1, 59, 59),
(1674, 62, 36, 1, 1, 1, 100, 100),
(1675, 31, 19, 1, 1, 1, 100, 100),
(1676, 31, 20, 1, 1, 1, 100, 100),
(1677, 31, 21, 1, 1, 1, 100, 100),
(1678, 31, 22, 1, 1, 1, 100, 100),
(1679, 31, 23, 1, 1, 1, 81, 81),
(1680, 31, 24, 1, 1, 1, 100, 100),
(1681, 31, 25, 2, 2, 1, 91, 68),
(1682, 31, 26, 1, 1, 1, 100, 100),
(1683, 62, 37, 1, 1, 1, 57, 57),
(1684, 31, 27, 3, 2, 1, 83, 70),
(1685, 59, 38, 1, 1, 1, 93, 93),
(1686, 59, 39, 1, 1, 1, 100, 100),
(1687, 31, 28, 1, 1, 1, 100, 100),
(1688, 31, 30, 16, 16, 16, 100, 100),
(1689, 31, 31, 3, 1, 1, 100, 98),
(1690, 59, 40, 1, 1, 1, 91, 91),
(1691, 59, 41, 1, 1, 1, 100, 100),
(1692, 59, 42, 1, 1, 1, 100, 100),
(1693, 31, 32, 1, 1, 1, 100, 100),
(1694, 31, 29, 2, 2, 1, 75, 54),
(1695, 31, 33, 1, 1, 1, 71, 71),
(1696, 31, 34, 53, 53, 53, 100, 100),
(1697, 68, 38, 1, 1, 1, 58, 58),
(1698, 68, 39, 1, 1, 1, 100, 100),
(1699, 31, 35, 3, 1, 1, 100, 100),
(1700, 18, 27, 5, 5, 1, 83, 49),
(1701, 68, 40, 1, 1, 1, 85, 85),
(1702, 68, 41, 1, 1, 1, 100, 100),
(1703, 68, 42, 3, 3, 3, 100, 100),
(1704, 13, 39, 1, 1, 1, 100, 100),
(1705, 11, 31, 1, 1, 1, 96, 96),
(1706, 11, 32, 2, 2, 2, 100, 100),
(1707, 11, 29, 3, 3, 1, 87, 51),
(1708, 11, 33, 8, 6, 1, 100, 42),
(1709, 17, 28, 1, 1, 1, 100, 100),
(1710, 17, 30, 1, 1, 1, 100, 100),
(1711, 17, 31, 1, 1, 1, 97, 97),
(1712, 17, 32, 1, 1, 1, 100, 100),
(1713, 17, 29, 1, 1, 1, 83, 83),
(1714, 17, 33, 7, 4, 1, 57, 29),
(1715, 11, 34, 1, 1, 1, 100, 100),
(1716, 81, 13, 1, 1, 1, 100, 100),
(1717, 45, 23, 7, 7, 7, 100, 89),
(1718, 45, 24, 1, 1, 1, 100, 100),
(1719, 81, 14, 1, 1, 1, 100, 100),
(1720, 17, 34, 1, 1, 1, 100, 100),
(1721, 81, 15, 2, 2, 2, 100, 100),
(1722, 81, 16, 1, 1, 1, 100, 100),
(1723, 45, 25, 2, 2, 2, 100, 88),
(1724, 81, 17, 1, 1, 1, 66, 66),
(1725, 45, 26, 1, 1, 1, 100, 100),
(1726, 81, 18, 1, 1, 1, 100, 100),
(1727, 11, 35, 1, 1, 1, 88, 88),
(1728, 11, 36, 1, 1, 1, 100, 100),
(1729, 81, 19, 1, 1, 1, 89, 89),
(1730, 81, 20, 1, 1, 1, 100, 100),
(1731, 81, 21, 1, 1, 1, 100, 100),
(1732, 81, 22, 1, 1, 1, 100, 100),
(1733, 17, 35, 1, 1, 1, 96, 96),
(1734, 17, 36, 1, 1, 1, 100, 100),
(1735, 11, 37, 1, 1, 1, 75, 75),
(1736, 17, 37, 1, 1, 1, 59, 59),
(1737, 13, 40, 1, 1, 1, 92, 92),
(1738, 13, 41, 1, 1, 1, 100, 100),
(1739, 13, 42, 1, 1, 1, 100, 100),
(1740, 17, 38, 1, 1, 1, 100, 100),
(1741, 17, 39, 1, 1, 1, 100, 100),
(1742, 11, 38, 1, 1, 1, 67, 67),
(1743, 11, 39, 1, 1, 1, 100, 100),
(1744, 58, 11, 1, 1, 1, 100, 100),
(1745, 58, 12, 1, 1, 1, 100, 100),
(1746, 58, 13, 1, 1, 1, 100, 100),
(1747, 58, 14, 1, 1, 1, 100, 100),
(1748, 10, 27, 1, 1, 1, 53, 53),
(1749, 10, 28, 1, 1, 1, 100, 100),
(1750, 58, 15, 1, 1, 1, 100, 100),
(1751, 10, 30, 1, 1, 1, 100, 100),
(1752, 58, 16, 1, 1, 1, 100, 100),
(1753, 45, 27, 3, 3, 2, 100, 67),
(1754, 58, 17, 1, 1, 1, 50, 50),
(1755, 58, 18, 1, 1, 1, 100, 100),
(1756, 58, 19, 1, 1, 1, 100, 100),
(1757, 58, 20, 1, 1, 1, 100, 100),
(1758, 58, 21, 1, 1, 1, 100, 100),
(1759, 58, 22, 1, 1, 1, 100, 100),
(1760, 66, 11, 1, 1, 1, 63, 63),
(1761, 66, 12, 1, 1, 1, 100, 100),
(1762, 66, 13, 1, 1, 1, 100, 100),
(1763, 66, 14, 1, 1, 1, 100, 100),
(1764, 17, 40, 3, 1, 1, 99, 97),
(1765, 18, 28, 1, 1, 1, 100, 100),
(1766, 81, 23, 1, 1, 1, 74, 74),
(1767, 66, 15, 1, 1, 1, 82, 82),
(1768, 18, 30, 1, 1, 1, 100, 100),
(1769, 81, 24, 1, 1, 1, 100, 100),
(1770, 66, 16, 1, 1, 1, 100, 100),
(1771, 45, 28, 1, 1, 1, 100, 100),
(1772, 45, 30, 1, 1, 1, 100, 100),
(1773, 66, 17, 2, 2, 1, 62, 52),
(1774, 56, 24, 1, 1, 1, 100, 100),
(1775, 58, 23, 2, 2, 1, 54, 52),
(1776, 64, 35, 2, 1, 1, 73, 65),
(1777, 73, 7, 1, 1, 1, 100, 100),
(1778, 73, 8, 1, 1, 1, 100, 100),
(1779, 11, 40, 1, 1, 1, 96, 96),
(1780, 11, 41, 1, 1, 1, 100, 100),
(1781, 73, 9, 1, 1, 1, 100, 100),
(1782, 11, 42, 1, 1, 1, 100, 100),
(1783, 73, 10, 1, 1, 1, 100, 100),
(1784, 58, 24, 1, 1, 1, 100, 100),
(1785, 66, 18, 1, 1, 1, 100, 100),
(1786, 73, 11, 2, 2, 2, 100, 98),
(1787, 45, 31, 2, 2, 2, 100, 97),
(1788, 73, 12, 1, 1, 1, 100, 100),
(1789, 45, 32, 1, 1, 1, 100, 100),
(1790, 73, 13, 1, 1, 1, 100, 100),
(1791, 73, 14, 1, 1, 1, 100, 100),
(1792, 64, 36, 1, 1, 1, 100, 100),
(1793, 58, 25, 3, 1, 1, 62, 26),
(1794, 64, 37, 4, 1, 1, 85, 81),
(1795, 45, 29, 1, 1, 1, 100, 100),
(1796, 56, 25, 1, 1, 1, 75, 75),
(1797, 56, 26, 1, 1, 1, 100, 100),
(1798, 21, 24, 1, 1, 1, 100, 100),
(1799, 18, 31, 1, 1, 1, 94, 94),
(1800, 18, 32, 1, 1, 1, 100, 100),
(1801, 81, 25, 1, 1, 1, 66, 66),
(1802, 45, 33, 4, 4, 2, 100, 64),
(1803, 81, 26, 1, 1, 1, 100, 100),
(1804, 18, 29, 1, 1, 1, 87, 87),
(1805, 18, 33, 4, 4, 1, 71, 43),
(1806, 21, 25, 1, 1, 1, 58, 58),
(1807, 21, 26, 1, 1, 1, 100, 100),
(1808, 81, 27, 7, 5, 4, 87, 69),
(1809, 17, 41, 1, 1, 1, 100, 100),
(1810, 17, 42, 1, 1, 1, 100, 100),
(1811, 56, 27, 1, 1, 1, 51, 51),
(1812, 56, 28, 1, 1, 1, 100, 100),
(1813, 56, 30, 1, 1, 1, 100, 100),
(1814, 62, 38, 5, 1, 1, 91, 85),
(1815, 58, 26, 1, 1, 1, 100, 100),
(1816, 81, 28, 1, 1, 1, 100, 100),
(1817, 81, 30, 1, 1, 1, 100, 100),
(1818, 21, 27, 1, 1, 1, 51, 51),
(1819, 21, 28, 1, 1, 1, 100, 100),
(1820, 21, 30, 2, 2, 2, 100, 100),
(1821, 18, 34, 1, 1, 1, 100, 100),
(1822, 58, 27, 1, 1, 1, 65, 65),
(1823, 58, 28, 1, 1, 1, 100, 100),
(1824, 58, 30, 1, 1, 1, 100, 100),
(1825, 64, 38, 3, 1, 1, 98, 96),
(1826, 73, 44, 2, 2, 2, 100, 97),
(1827, 18, 35, 1, 1, 1, 89, 89),
(1828, 18, 36, 1, 1, 1, 100, 100),
(1829, 56, 31, 2, 1, 1, 98, 97),
(1830, 45, 34, 1, 1, 1, 100, 100),
(1831, 18, 37, 1, 1, 1, 76, 76),
(1832, 56, 32, 1, 1, 1, 100, 100),
(1833, 56, 29, 1, 1, 1, 87, 87),
(1834, 18, 38, 1, 1, 1, 97, 97),
(1835, 18, 39, 1, 1, 1, 100, 100),
(1836, 73, 45, 2, 2, 2, 92, 91),
(1837, 45, 35, 1, 1, 1, 100, 100),
(1838, 56, 33, 2, 2, 1, 57, 50),
(1839, 45, 36, 1, 1, 1, 100, 100),
(1840, 56, 34, 1, 1, 1, 100, 100),
(1841, 62, 39, 1, 1, 1, 100, 100),
(1842, 45, 37, 2, 1, 1, 100, 87),
(1843, 56, 35, 4, 1, 1, 100, 98),
(1844, 21, 31, 1, 1, 1, 100, 100),
(1845, 21, 32, 1, 1, 1, 100, 100),
(1846, 33, 28, 1, 1, 1, 100, 100),
(1847, 33, 30, 1, 1, 1, 100, 100),
(1848, 73, 15, 1, 1, 1, 100, 100),
(1849, 73, 16, 1, 1, 1, 100, 100),
(1850, 21, 29, 1, 1, 1, 87, 87),
(1851, 73, 17, 2, 2, 1, 50, 42),
(1852, 73, 18, 1, 1, 1, 100, 100),
(1853, 21, 33, 3, 3, 1, 71, 52),
(1854, 21, 34, 1, 1, 1, 100, 100),
(1855, 73, 19, 1, 1, 1, 100, 100),
(1856, 33, 31, 1, 1, 1, 88, 88),
(1857, 33, 32, 1, 1, 1, 100, 100),
(1858, 73, 20, 1, 1, 1, 100, 100),
(1859, 73, 21, 1, 1, 1, 100, 100),
(1860, 73, 22, 1, 1, 1, 100, 100),
(1861, 62, 40, 3, 1, 1, 94, 93),
(1862, 33, 29, 1, 1, 1, 87, 87),
(1863, 77, 5, 1, 1, 1, 100, 100),
(1864, 33, 33, 3, 3, 1, 71, 52),
(1865, 77, 6, 1, 1, 1, 62, 62),
(1866, 77, 7, 1, 1, 1, 100, 100),
(1867, 73, 23, 1, 1, 1, 63, 63),
(1868, 77, 8, 1, 1, 1, 100, 100),
(1869, 73, 24, 1, 1, 1, 100, 100),
(1870, 77, 9, 1, 1, 1, 100, 100),
(1871, 77, 10, 1, 1, 1, 100, 100),
(1872, 33, 34, 1, 1, 1, 100, 100),
(1873, 73, 25, 1, 1, 1, 62, 62),
(1874, 73, 26, 1, 1, 1, 100, 100),
(1875, 77, 11, 1, 1, 1, 81, 81),
(1876, 77, 12, 1, 1, 1, 100, 100),
(1877, 77, 13, 1, 1, 1, 100, 100),
(1878, 77, 14, 1, 1, 1, 100, 100),
(1879, 56, 36, 1, 1, 1, 100, 100),
(1880, 77, 15, 1, 1, 1, 94, 94),
(1881, 77, 16, 1, 1, 1, 100, 100),
(1882, 18, 40, 3, 1, 1, 100, 98),
(1883, 21, 35, 3, 1, 1, 84, 62),
(1884, 77, 17, 1, 1, 1, 58, 58),
(1885, 62, 41, 1, 1, 1, 100, 100),
(1886, 62, 42, 1, 1, 1, 100, 100),
(1887, 77, 18, 1, 1, 1, 100, 100),
(1888, 73, 27, 3, 2, 0, 46, 41),
(1889, 77, 19, 1, 1, 1, 64, 64),
(1890, 77, 20, 1, 1, 1, 100, 100),
(1891, 8, 39, 1, 1, 1, 100, 100),
(1892, 77, 21, 1, 1, 1, 100, 100),
(1893, 77, 22, 1, 1, 1, 100, 100),
(1894, 45, 38, 2, 2, 2, 100, 91),
(1895, 45, 39, 1, 1, 1, 100, 100),
(1896, 64, 39, 1, 1, 1, 100, 100),
(1897, 21, 36, 1, 1, 1, 100, 100),
(1898, 77, 23, 1, 1, 0, 31, 31),
(1899, 56, 37, 3, 1, 1, 64, 60),
(1900, 21, 37, 4, 1, 1, 100, 88),
(1901, 33, 35, 1, 1, 1, 93, 93),
(1902, 33, 36, 1, 1, 1, 100, 100),
(1903, 45, 40, 3, 1, 1, 100, 99),
(1904, 64, 40, 2, 2, 2, 88, 82),
(1905, 64, 41, 2, 2, 2, 100, 100),
(1906, 64, 42, 2, 2, 2, 100, 100),
(1907, 73, 46, 1, 0, 0, 100, 100),
(1909, 56, 38, 2, 1, 1, 100, 93),
(1910, 82, 1, 1, 1, 1, 100, 100),
(1911, 82, 2, 1, 1, 1, 100, 100),
(1912, 45, 41, 1, 1, 1, 100, 100),
(1913, 45, 42, 1, 1, 1, 100, 100),
(1914, 21, 38, 5, 1, 1, 100, 99),
(1915, 56, 39, 1, 1, 1, 100, 100),
(1916, 21, 39, 1, 1, 1, 100, 100),
(1917, 21, 40, 1, 1, 1, 99, 99),
(1918, 21, 41, 1, 1, 1, 100, 100),
(1919, 21, 42, 1, 1, 1, 100, 100),
(1920, 56, 40, 5, 1, 1, 94, 87),
(1921, 9, 31, 2, 1, 1, 96, 78),
(1922, 9, 32, 1, 1, 1, 100, 100),
(1923, 9, 29, 3, 2, 1, 50, 33),
(1924, 56, 41, 1, 1, 1, 100, 100),
(1925, 56, 42, 1, 1, 1, 100, 100),
(1926, 9, 33, 2, 2, 1, 57, 50),
(1927, 9, 34, 1, 1, 1, 100, 100),
(1928, 56, 44, 1, 1, 1, 87, 87),
(1929, 9, 35, 1, 1, 1, 89, 89),
(1930, 9, 36, 1, 1, 1, 100, 100),
(1931, 18, 41, 1, 1, 1, 100, 100),
(1932, 18, 42, 2, 2, 2, 100, 100),
(1933, 56, 45, 1, 1, 1, 83, 83),
(1934, 56, 46, 1, 1, 0, 19, 19),
(1935, 58, 31, 2, 1, 1, 91, 90),
(1936, 58, 32, 1, 1, 1, 100, 100),
(1937, 50, 28, 1, 1, 1, 100, 100),
(1938, 9, 37, 1, 1, 1, 70, 70),
(1939, 50, 30, 1, 1, 1, 100, 100),
(1940, 52, 28, 1, 1, 1, 100, 100),
(1941, 52, 30, 1, 1, 1, 100, 100),
(1942, 58, 29, 1, 1, 1, 75, 75),
(1943, 58, 33, 2, 1, 1, 71, 43),
(1944, 52, 31, 2, 1, 1, 100, 99),
(1945, 63, 1, 1, 1, 1, 100, 100),
(1946, 63, 2, 1, 1, 1, 100, 100),
(1947, 63, 3, 1, 1, 1, 100, 100),
(1948, 9, 38, 1, 1, 1, 86, 86),
(1949, 9, 39, 1, 1, 1, 100, 100),
(1950, 58, 34, 1, 1, 1, 100, 100),
(1951, 63, 4, 1, 1, 1, 53, 53),
(1952, 63, 5, 1, 1, 1, 100, 100),
(1953, 63, 6, 3, 3, 1, 58, 45),
(1954, 63, 7, 1, 1, 1, 100, 100),
(1955, 63, 8, 1, 1, 1, 100, 100),
(1956, 63, 9, 1, 1, 1, 100, 100),
(1957, 63, 10, 1, 1, 1, 100, 100),
(1958, 63, 11, 1, 1, 1, 82, 82),
(1959, 63, 12, 1, 1, 1, 100, 100),
(1960, 63, 13, 1, 1, 1, 100, 100),
(1961, 63, 14, 1, 1, 1, 100, 100),
(1962, 63, 15, 1, 1, 1, 91, 91),
(1963, 63, 16, 1, 1, 1, 100, 100),
(1964, 52, 32, 1, 1, 1, 100, 100),
(1965, 63, 17, 6, 3, 1, 66, 30),
(1966, 52, 29, 1, 1, 1, 100, 100),
(1967, 81, 31, 1, 1, 1, 98, 98),
(1968, 81, 32, 1, 1, 1, 100, 100),
(1969, 52, 33, 1, 1, 1, 85, 85),
(1970, 52, 34, 1, 1, 1, 100, 100),
(1971, 81, 29, 1, 1, 1, 87, 87),
(1972, 81, 33, 1, 1, 1, 100, 100),
(1973, 81, 34, 1, 1, 1, 100, 100),
(1974, 58, 35, 1, 1, 1, 93, 93),
(1975, 58, 36, 1, 1, 1, 100, 100),
(1976, 63, 18, 1, 1, 1, 100, 100),
(1977, 9, 40, 1, 1, 1, 87, 87),
(1978, 9, 41, 1, 1, 1, 100, 100),
(1979, 9, 42, 1, 1, 1, 100, 100),
(1980, 63, 19, 1, 1, 1, 67, 67),
(1981, 81, 35, 1, 1, 1, 92, 92),
(1982, 81, 36, 1, 1, 1, 100, 100),
(1983, 63, 20, 1, 1, 1, 100, 100),
(1984, 63, 21, 1, 1, 1, 100, 100),
(1985, 63, 22, 1, 1, 1, 100, 100),
(1986, 52, 35, 1, 1, 1, 91, 91),
(1987, 52, 36, 1, 1, 1, 100, 100),
(1988, 63, 23, 2, 0, 0, 46, 46),
(1989, 58, 37, 3, 1, 1, 73, 67),
(1990, 81, 37, 1, 1, 1, 82, 82),
(1991, 52, 37, 1, 1, 1, 68, 68),
(1992, 81, 38, 1, 1, 1, 100, 100),
(1993, 81, 39, 1, 1, 1, 100, 100),
(1994, 52, 38, 1, 1, 1, 87, 87),
(1995, 52, 39, 1, 1, 1, 100, 100),
(1996, 30, 8, 1, 1, 1, 100, 100),
(1997, 30, 9, 1, 1, 1, 100, 100),
(1998, 30, 10, 1, 1, 1, 100, 100),
(1999, 52, 40, 1, 1, 1, 80, 80),
(2000, 52, 41, 1, 1, 1, 100, 100),
(2001, 50, 31, 4, 1, 1, 96, 83),
(2002, 52, 42, 1, 1, 1, 100, 100),
(2003, 30, 11, 2, 2, 1, 100, 74),
(2004, 30, 12, 1, 1, 1, 100, 100),
(2005, 81, 40, 1, 1, 1, 100, 100),
(2006, 30, 13, 1, 1, 1, 100, 100),
(2007, 81, 41, 1, 1, 1, 100, 100),
(2008, 30, 14, 1, 1, 1, 100, 100),
(2009, 81, 42, 1, 1, 1, 100, 100),
(2010, 58, 38, 1, 1, 1, 93, 93),
(2011, 58, 39, 1, 1, 1, 100, 100),
(2012, 58, 40, 1, 1, 1, 85, 85),
(2013, 58, 41, 1, 1, 1, 100, 100),
(2014, 58, 42, 1, 1, 1, 100, 100),
(2015, 41, 37, 1, 1, 1, 75, 75),
(2016, 50, 32, 1, 1, 1, 100, 100),
(2017, 50, 29, 1, 1, 1, 62, 62),
(2018, 50, 33, 1, 1, 1, 57, 57),
(2019, 50, 34, 1, 1, 1, 100, 100),
(2020, 50, 35, 1, 1, 1, 71, 71),
(2021, 50, 36, 1, 1, 1, 100, 100),
(2022, 41, 38, 1, 1, 1, 100, 100),
(2023, 41, 39, 1, 1, 1, 100, 100),
(2024, 53, 1, 1, 1, 1, 100, 100),
(2025, 53, 2, 1, 1, 1, 100, 100),
(2026, 53, 3, 1, 1, 1, 100, 100),
(2027, 35, 4, 1, 1, 1, 72, 72),
(2028, 35, 5, 1, 1, 1, 100, 100),
(2029, 53, 4, 1, 1, 1, 96, 96),
(2030, 50, 37, 1, 0, 0, 65, 65),
(2031, 53, 5, 1, 1, 1, 100, 100),
(2032, 53, 6, 1, 1, 1, 87, 87),
(2033, 53, 7, 1, 1, 1, 100, 100),
(2034, 35, 6, 2, 2, 1, 54, 42),
(2035, 35, 7, 1, 1, 1, 100, 100),
(2036, 35, 8, 1, 1, 1, 100, 100),
(2037, 35, 9, 1, 1, 1, 100, 100),
(2038, 35, 10, 1, 1, 1, 100, 100),
(2039, 35, 11, 1, 1, 1, 98, 98),
(2040, 35, 12, 1, 1, 1, 100, 100),
(2041, 35, 13, 1, 1, 1, 100, 100),
(2042, 35, 14, 1, 1, 1, 100, 100),
(2043, 35, 45, 1, 1, 1, 100, 100),
(2044, 35, 44, 1, 1, 1, 95, 95),
(2045, 65, 5, 1, 1, 1, 100, 100),
(2046, 35, 15, 1, 1, 1, 70, 70),
(2047, 35, 16, 1, 1, 1, 100, 100),
(2048, 65, 6, 4, 4, 4, 100, 84),
(2049, 35, 17, 1, 1, 1, 83, 83),
(2050, 35, 18, 1, 1, 1, 100, 100),
(2051, 65, 7, 1, 1, 1, 100, 100),
(2052, 65, 8, 1, 1, 1, 100, 100),
(2053, 65, 9, 1, 1, 1, 100, 100),
(2054, 65, 10, 1, 1, 1, 100, 100),
(2055, 41, 40, 1, 1, 1, 98, 98),
(2056, 41, 41, 1, 1, 1, 100, 100),
(2057, 41, 42, 1, 1, 1, 100, 100),
(2058, 35, 19, 2, 2, 1, 65, 53),
(2059, 65, 11, 2, 2, 2, 100, 90),
(2060, 35, 20, 1, 1, 1, 100, 100),
(2061, 35, 21, 1, 1, 1, 100, 100),
(2062, 65, 12, 1, 1, 1, 100, 100),
(2063, 65, 13, 1, 1, 1, 100, 100),
(2064, 35, 22, 1, 1, 1, 100, 100),
(2065, 65, 14, 1, 1, 1, 100, 100),
(2066, 65, 15, 1, 1, 1, 100, 100),
(2067, 65, 16, 1, 1, 1, 100, 100),
(2068, 10, 31, 1, 1, 1, 68, 68),
(2069, 10, 32, 1, 1, 1, 100, 100),
(2070, 10, 29, 1, 1, 1, 87, 87),
(2071, 65, 17, 3, 3, 3, 100, 75),
(2072, 10, 33, 2, 2, 1, 71, 50),
(2073, 65, 18, 1, 1, 1, 100, 100),
(2074, 65, 19, 2, 2, 2, 100, 87),
(2075, 10, 34, 1, 1, 1, 100, 100),
(2076, 65, 20, 1, 1, 1, 100, 100),
(2077, 65, 21, 1, 1, 1, 100, 100),
(2078, 65, 22, 1, 1, 1, 100, 100),
(2079, 10, 35, 1, 1, 1, 88, 88),
(2080, 10, 36, 1, 1, 1, 100, 100),
(2081, 31, 36, 1, 1, 1, 100, 100),
(2082, 31, 37, 1, 1, 1, 82, 82),
(2083, 65, 23, 2, 2, 2, 90, 89),
(2084, 31, 38, 1, 1, 1, 82, 82),
(2085, 31, 39, 1, 1, 1, 100, 100),
(2086, 33, 37, 1, 1, 1, 61, 61),
(2087, 65, 24, 1, 1, 1, 100, 100),
(2088, 10, 37, 1, 1, 1, 70, 70),
(2089, 31, 40, 1, 1, 1, 98, 98),
(2090, 31, 41, 1, 1, 1, 100, 100),
(2091, 31, 42, 2, 2, 2, 100, 100),
(2092, 65, 25, 2, 2, 2, 100, 88),
(2093, 65, 26, 1, 1, 1, 100, 100),
(2094, 33, 38, 1, 1, 1, 98, 98),
(2095, 33, 39, 1, 1, 1, 100, 100),
(2096, 10, 38, 1, 1, 1, 88, 88),
(2097, 10, 39, 1, 1, 1, 100, 100),
(2098, 35, 23, 1, 1, 1, 74, 74),
(2099, 10, 40, 1, 0, 0, 61, 61),
(2100, 35, 24, 1, 1, 1, 100, 100),
(2101, 35, 25, 1, 1, 1, 75, 75),
(2102, 35, 26, 1, 1, 1, 100, 100);

-- --------------------------------------------------------

--
-- Table structure for table `quests`
--

CREATE TABLE `quests` (
  `questId` int(11) NOT NULL,
  `qTypeId` int(11) NOT NULL,
  `stageId` int(11) NOT NULL,
  `requireQuest` int(11) DEFAULT NULL,
  `bgPicId` int(11) NOT NULL,
  `exp` int(11) NOT NULL,
  `title` varchar(255) NOT NULL,
  `qDesc` longtext NOT NULL
) ENGINE=InnoDB DEFAULT CHARSET=utf8mb4;

--
-- Dumping data for table `quests`
--

INSERT INTO `quests` (`questId`, `qTypeId`, `stageId`, `requireQuest`, `bgPicId`, `exp`, `title`, `qDesc`) VALUES
(1, 1, 1, NULL, 1, 23, 'Quest 1-1: Unknown World', 'You wake up on a beach somewhere, but something seems wrong here.'),
(2, 1, 1, 1, 19, 23, 'Quest 1-2: The Hero', 'After wondering on the beach for a while, Soul finds something.'),
(3, 1, 1, 2, 19, 23, 'Quest 1-3: Helping out', 'After studying, let\'s go to a village, shall we?'),
(4, 3, 1, 3, 1, 23, 'Quest 1-4: First Battle', 'After accepting Aqua\'s request, Soul and Silver walks to a nest of problematic snails.'),
(5, 1, 1, 4, 19, 23, 'Quest 1-5: Gratitude from Aqua', 'After fighting snails, let\'s go report to Aqua.'),
(6, 2, 1, 5, 19, 23, 'Quest 1-6: Questions from the guard', 'Guardian who we can\'t see blocks a way. It seems Soul needs to answer his questions correctly to proceed to the next village.'),
(7, 1, 1, 6, 12, 23, 'Quest 1-7: Journey begins', 'After answering questions, it\'s finally time to set off.'),
(8, 1, 2, 7, 12, 131, 'Quest 2-1: Strangely Hot', 'On a way to Volcanic, a village near volcano, temperature keeps rising.'),
(9, 1, 2, 8, 7, 131, 'Quest 2-2: A crisis called PM 2.5', 'In Volcanic, it contains mist more than usual, but that mist seems to not come from steam.'),
(10, 1, 2, 9, 10, 131, 'Quest 2-3: Power of Flame', 'It seems this new power, we need to use Insertion Sort instead of Bubble Sort.'),
(11, 3, 2, 10, 10, 131, 'Quest 2-4: Let\'s set mushrooms on FIRE!', 'It seems that there are some snails as well. Watch out!'),
(12, 1, 2, 11, 7, 131, 'Quest 2-5: Spores dissolved', 'After burning all mushrooms, it\'s time to depart to next village.'),
(13, 1, 3, 12, 13, 207, 'Quest 3-1: The village loved by nature', 'While walking to Naturia, exhaustion finally comes to Soul\'s legs.'),
(14, 1, 3, 13, 6, 207, 'Quest 3-2: Slimes overflow', 'When Soul and Silver reaches Naturia, it\'s full of slimes!'),
(15, 3, 3, 14, 6, 207, 'Quest 3-3: Slime extermination', 'Let\'s defeat slimes and some mushrooms are helping them too.'),
(16, 1, 3, 15, 6, 207, 'Quest 3-4: Green of nature returns', 'After Soul and Silver eliminates slimes\' nest, they disappear from the village.'),
(17, 2, 4, 16, 2, 207, 'Quest 4-1: The guard of the door', '\"Thou who dost desire to proceed unto the land of darkness, doth answereth mine question.\"\nFinally, Soul and Silver reach the door to Archfiend and guardian as expected.'),
(18, 1, 4, 17, 4, 550, 'Quest 4-2: Golem Disaster', 'After opening the door, Soul and Silver see the village in total chaos. What\'s happening?'),
(19, 3, 4, 18, 4, 550, 'Quest 4-3: Golem Destruction', 'Golems are destroying the village but at the same time, there are some slimes! We certainly don\'t want the village to get conquered by slimes for sure. Let\'s get rid of them too.'),
(20, 1, 4, 19, 3, 550, 'Quest 4-4: Repairing Village', 'After destroying all golems, although Soul is a hero, he also has his own limit, and he seems to have reached it already.'),
(21, 1, 5, 20, 5, 650, 'Quest 5-1: Into a desert', 'เมื่อ Death นำทางมาจนถึงปากทางออกอุโมงค์แล้ว ก็ถึงเวลาแยกทางและเริ่มผจญภัยต่อ\nWhen Death leads to the tunnel, it\'s time to depart and continue adventure.'),
(22, 1, 5, 21, 11, 650, 'Quest 5-2: Ghosts = Prankers?!', 'After reaching Photon, Soul sees something unexpected.'),
(23, 3, 5, 22, 11, 650, 'Quest 5-3: Oasis Purification', 'Ghosts are guarding Oasis and using water from it to protect themselves from sunlight too. It seems they also have golem guards.'),
(24, 1, 5, 23, 11, 650, 'Quest 5-4: Liberated from ghosts', 'After chasing ghosts off Oasis successfully, peace returns to the village once more.'),
(25, 2, 6, 24, 2, 650, 'Quest 6-1: Guardian of the door to Gusto', 'Same as the door to Archfiend, there is a guardian, and we have to answer questions once more.'),
(26, 1, 6, 25, 8, 807, 'Quest 6-2: Abandoned Gusto', 'After passing the door, Soul and Silver end up seeing a deserted village instead.'),
(27, 3, 6, 26, 20, 807, 'Quest 6-3: Monsters Destruction', 'Eliminate monsters from Crystron and also, some extra ghosts acting like their controllers.'),
(28, 1, 6, 27, 14, 807, 'Quest 6-4: No time to rest!', 'After eliminating monsters, Remainers fled to Crystron or maybe there\'s something behind...?'),
(29, 2, 7, 32, 15, 1160, 'Quest 7-4: The first guardian', 'It seems Demon left 2 guardians. Let\'s answer their questions.'),
(30, 1, 7, 28, 9, 1160, 'Quest 7-1: Monsters trade places', 'เมื่อ Soul ข้ามสะพานไปยัง Crystron ได้ Soul ก็พบมอนส์เตอร์ที่อยู่ในเมืองนั่น...\nWhen Soul crosses the bridge to Crystron, he sees monsters there.'),
(31, 3, 7, 30, 9, 1160, 'Quest 7-2: Mutated monsters', 'Monsters suddenly become mutant and stronger! but it seems like it doesn\'t cover its weakness completely. Also, monsters from Gusto are also in front line!'),
(32, 1, 7, 31, 15, 1160, 'Quest 7-3: The real cause behind', 'After the battle, it\'s time for mastermind to show his face.'),
(33, 2, 7, 29, 15, 1160, 'Quest 7-5: Gaining access to other dimensional ruin', 'The second guardian protects the path to where Demon is. Although he is a bit of curious of how Demon got in, Soul still needs to focus to the questions.'),
(34, 1, 8, 33, 17, 1000, 'Quest 8-1: We are in space!', 'หลังจากเข้าประตูมิติไปได้ Soul เห็นบางอย่างที่ต่างจากี่เขาคิด'),
(35, 3, 8, 34, 17, 1000, 'Quest 8-2: Clearing out frontline', 'Similar monsters attack!'),
(36, 1, 8, 35, 18, 1000, 'Quest 8-3: Inside the palace', 'After the battle, Soul and Silver barges into the palace but there is also something await them.'),
(37, 3, 8, 36, 18, 1000, 'Quest 8-4: A war on the palace hall', 'Monster appears from the floor! They still look really similar.'),
(38, 3, 8, 37, 18, 1000, 'Quest 8-5: Never-ending war', 'Monsters are still coming! Fighting!'),
(39, 1, 8, 38, 16, 1000, 'Quest 8-6: Showdown', 'Finally, Soul clears all monsters in the palace hall and what he finds is ...'),
(40, 3, 8, 39, 16, 1000, 'Quest 8-7: Final Battle', 'A final battle has come! Let\'s defeat Demons and save the world!'),
(41, 1, 8, 40, 16, 1000, 'Quest 8-8: Final Talk and Farewell', 'CONGRATULATION! Our long adventure is finally over but did you forget something?'),
(42, 1, 8, 41, 21, 1000, 'Quest 8-9: EPILOGUE', 'User logged out successfully... '),
(44, 3, 11, 7, 12, 50, 'Level Quest 1: Remaining Snails', 'On the way to Volcanic, Soul and Silver meet uninvited guests.'),
(45, 3, 11, 12, 13, 180, 'Level Quest 2: Helping Villagers', 'On a way out of Volcanic, a villager requests to kill some mushrooms at the back of mountain.'),
(46, 3, 11, 16, 6, 400, 'Level Quest 3 - Revenge on Slimes', 'After Soul and Silver takes a step out of Naturia, A gang of slimes suddenly attack!'),
(47, 3, 11, 20, 5, 600, 'Level Quest 4 - Golems outside', 'On a way to tunnel to Photon, Soul and Silver meets golems living in the tunnel.'),
(48, 3, 11, 28, 14, 1000, 'Level Quest 6 - Guards', 'Monsters unseen before suddenly block the bridge!'),
(49, 3, 11, 24, 5, 750, 'Level Quest 5 - Haunted', 'When Soul and Silver are entering a tunnel to Gusto, ghosts suddenly float around the two.'),
(50, 3, 11, 29, 15, 1500, 'Level Quest 7 - Monsters on Rampage!', 'Some monsters suddenly attack Soul and Silver while they are focused on answering questions!'),
(51, 3, 12, 16, 13, 5000, 'Hard Quest 1 - The Big Three', 'Suddenly, there are a group of huge snails, mushrooms and slimes blocking the way!'),
(52, 3, 12, 24, 5, 5000, 'Hard Quest 2 - The contrasted duo ', 'At the tunnel entrance, there are huge ghost and golem, waiting for challenger!'),
(53, 3, 12, 29, 9, 5000, 'Hard Quest 3 - The Icy Wind Duo', 'Before crossing to dimensional door, Soul and Silver see a duo of huge monsters wreck a havoc in Crystron!'),
(54, 3, 13, 50, 16, 0, 'LET\'S FIGHT UNTIL YOU RETREAT', 'Once you practice to professional level, why not practice endurance?');

-- --------------------------------------------------------

--
-- Table structure for table `questtypes`
--

CREATE TABLE `questtypes` (
  `qTypeId` int(11) NOT NULL,
  `name` varchar(255) NOT NULL
) ENGINE=InnoDB DEFAULT CHARSET=utf8mb4;

--
-- Dumping data for table `questtypes`
--

INSERT INTO `questtypes` (`qTypeId`, `name`) VALUES
(1, 'story'),
(2, 'quiz'),
(3, 'battle');

-- --------------------------------------------------------

--
-- Table structure for table `quizzes`
--

CREATE TABLE `quizzes` (
  `quizId` int(11) NOT NULL,
  `questId` int(11) NOT NULL,
  `testElemId` int(11) NOT NULL,
  `question` varchar(255) NOT NULL,
  `lSpriteId` int(11) DEFAULT NULL,
  `rSpriteId` int(11) DEFAULT NULL,
  `picture` varchar(255) DEFAULT NULL
) ENGINE=InnoDB DEFAULT CHARSET=utf8mb4;

--
-- Dumping data for table `quizzes`
--

INSERT INTO `quizzes` (`quizId`, `questId`, `testElemId`, `question`, `lSpriteId`, `rSpriteId`, `picture`) VALUES
(143, 25, 5, 'Fill the blank in each hole of this Merge Sort Algorithm correctly.', NULL, NULL, '../storyPic/mergeQuestionMerged.png'),
(144, 25, 5, 'Say Merge Sort\'s Big-O to me.', NULL, NULL, NULL),
(145, 25, 6, 'Say Quick Sort\'s Big-O to me.', NULL, NULL, NULL),
(146, 25, 6, 'If I want Pivot in Lomuto\'s Partition to be last position, what change must I make to the algorithm?', NULL, NULL, NULL),
(147, 29, 4, 'Tell me the purpose of making Heap in Heap Sort.', NULL, NULL, NULL),
(148, 29, 4, 'Say Heap Sort\'s Big-O to me.', NULL, NULL, NULL),
(149, 29, 7, 'Tell me the reason of finding cumulative frequencies in Distribution Counting Sort and find cumulative frequncies of [1, 2, 2, 2, 3, 3].', NULL, NULL, NULL),
(150, 29, 7, 'Say Distribution Counting Sort\'s Big-O to me. (k is the highest value.)', NULL, NULL, NULL),
(151, 33, 2, 'Which Sorting Algorithm is this code?', NULL, NULL, '../storyPic/insertJava.PNG'),
(152, 33, 1, 'Which Sorting Algorithm is this code?', NULL, NULL, '../storyPic/bubbleC.PNG'),
(153, 33, 3, 'Which Sorting Algorithm is this code?', NULL, NULL, '../storyPic/selectPy.PNG'),
(154, 33, 5, 'Which Sorting Algorithm is this code?', NULL, NULL, '../storyPic/mergePHP.PNG'),
(155, 33, 6, 'Which Sorting Algorithm is this code?', NULL, NULL, '../storyPic/quickJS.PNG'),
(156, 33, 4, 'Which Sorting Algorithm is this code?', NULL, NULL, '../storyPic/heapCs.PNG'),
(157, 33, 7, 'Which Sorting Algorithm is this code?', NULL, NULL, '../storyPic/countingR.PNG'),
(162, 17, 2, 'Fill the blank in each hole of this Algorithm correctly.', NULL, NULL, '../storyPic/insertQuestion.PNG'),
(163, 17, 2, 'Say Insertion Sort\'s Big-O to me.', NULL, NULL, NULL),
(164, 17, 3, 'Identify a mistake in this Selection Sort Algorithm', NULL, NULL, '../storyPic/selectQuestion.PNG'),
(165, 17, 3, 'Say Selection Sort\'s Big-O to me.', NULL, NULL, NULL),
(166, 6, 1, 'Fill the blank in each hole of this Bubble Sort Algorithm correctly. (This algorithm, we pair with a value on the right.)', NULL, NULL, '../storyPic/bubbleQuestion.PNG'),
(167, 6, 1, 'Say Bubble Sort\'s Big-O to me.', NULL, NULL, NULL);

-- --------------------------------------------------------

--
-- Table structure for table `resistvalues`
--

CREATE TABLE `resistvalues` (
  `resId` int(11) NOT NULL,
  `name` varchar(255) NOT NULL
) ENGINE=InnoDB DEFAULT CHARSET=utf8mb4;

--
-- Dumping data for table `resistvalues`
--

INSERT INTO `resistvalues` (`resId`, `name`) VALUES
(1, '--'),
(2, 'Wk'),
(3, 'St'),
(4, 'Nu'),
(5, 'Rf'),
(6, 'Dr');

-- --------------------------------------------------------

--
-- Table structure for table `shownelementresistance`
--

CREATE TABLE `shownelementresistance` (
  `bDescId` int(11) NOT NULL,
  `elemId` int(11) NOT NULL,
  `resId` int(11) DEFAULT NULL
) ENGINE=InnoDB DEFAULT CHARSET=utf8mb4;

--
-- Dumping data for table `shownelementresistance`
--

INSERT INTO `shownelementresistance` (`bDescId`, `elemId`, `resId`) VALUES
(1, 2, NULL),
(1, 3, NULL),
(1, 4, NULL),
(1, 5, NULL),
(1, 6, NULL),
(1, 7, NULL),
(2, 3, NULL),
(2, 4, NULL),
(2, 5, NULL),
(2, 6, NULL),
(2, 7, NULL),
(3, 1, NULL),
(3, 4, NULL),
(3, 5, NULL),
(3, 6, NULL),
(3, 7, NULL),
(4, 1, NULL),
(4, 2, NULL),
(4, 4, NULL),
(4, 6, NULL),
(4, 7, NULL),
(5, 1, NULL),
(5, 2, NULL),
(5, 3, NULL),
(5, 4, NULL),
(5, 7, NULL),
(6, 1, NULL),
(6, 2, NULL),
(6, 3, NULL),
(6, 5, NULL),
(6, 7, NULL),
(7, 1, NULL),
(7, 2, NULL),
(7, 3, NULL),
(7, 5, NULL),
(7, 6, NULL),
(8, 1, NULL),
(8, 2, NULL),
(8, 3, NULL),
(8, 4, NULL),
(8, 5, NULL),
(8, 6, NULL),
(8, 7, NULL),
(9, 1, NULL),
(9, 2, NULL),
(9, 3, NULL),
(9, 4, NULL),
(9, 5, NULL),
(9, 6, NULL),
(9, 7, NULL),
(10, 1, NULL),
(10, 2, NULL),
(10, 3, NULL),
(10, 4, NULL),
(10, 5, NULL),
(10, 6, NULL),
(10, 7, NULL),
(11, 1, NULL),
(11, 2, NULL),
(11, 3, NULL),
(11, 4, NULL),
(11, 5, NULL),
(11, 6, NULL),
(11, 7, NULL),
(19, 1, NULL),
(19, 2, NULL),
(19, 3, NULL),
(19, 4, NULL),
(19, 5, NULL),
(19, 6, NULL),
(19, 7, NULL),
(20, 1, NULL),
(20, 2, NULL),
(20, 3, NULL),
(20, 4, NULL),
(20, 5, NULL),
(20, 6, NULL),
(20, 7, NULL),
(21, 1, NULL),
(21, 2, NULL),
(21, 3, NULL),
(21, 4, NULL),
(21, 5, NULL),
(21, 6, NULL),
(21, 7, NULL),
(6, 4, 1),
(7, 4, 1),
(7, 7, 1),
(16, 4, 1),
(18, 7, 1),
(1, 1, 2),
(2, 1, 2),
(2, 2, 2),
(3, 2, 2),
(3, 3, 2),
(4, 3, 2),
(4, 5, 2),
(5, 5, 2),
(5, 6, 2),
(6, 6, 2),
(12, 1, 2),
(13, 2, 2),
(14, 3, 2),
(15, 5, 2),
(17, 6, 2),
(12, 2, 4),
(12, 3, 4),
(12, 4, 4),
(12, 5, 4),
(12, 6, 4),
(12, 7, 4),
(13, 3, 4),
(13, 4, 4),
(13, 5, 4),
(13, 6, 4),
(13, 7, 4),
(14, 4, 4),
(14, 5, 4),
(14, 6, 4),
(14, 7, 4),
(15, 1, 4),
(15, 2, 4),
(15, 4, 4),
(15, 7, 4),
(16, 2, 4),
(16, 5, 4),
(16, 6, 4),
(16, 7, 4),
(17, 2, 4),
(18, 2, 4),
(18, 3, 4),
(18, 4, 4),
(22, 1, 4),
(22, 2, 4),
(22, 3, 4),
(22, 4, 4),
(22, 5, 4),
(22, 6, 4),
(22, 7, 4),
(14, 2, 5),
(15, 6, 5),
(16, 1, 5),
(16, 3, 5),
(17, 3, 5),
(17, 4, 5),
(18, 1, 5),
(18, 6, 5),
(13, 1, 6),
(14, 1, 6),
(15, 3, 6),
(17, 1, 6),
(17, 5, 6),
(17, 7, 6),
(18, 5, 6);

-- --------------------------------------------------------

--
-- Table structure for table `skills`
--

CREATE TABLE `skills` (
  `skillId` int(11) NOT NULL,
  `name` varchar(255) NOT NULL,
  `elemId` int(11) NOT NULL
) ENGINE=InnoDB DEFAULT CHARSET=utf8mb4;

--
-- Dumping data for table `skills`
--

INSERT INTO `skills` (`skillId`, `name`, `elemId`) VALUES
(1, 'Atlantean Twin Bullets', 1),
(2, 'Volcanic Blade', 2),
(3, 'Naturia Seeds', 3),
(4, 'Gusto Features', 4),
(5, 'Archfiend Bomb', 5),
(6, 'Photon Judgement', 6),
(7, 'Cryston Shards', 7),
(8, 'Aesir Wish', 8);

-- --------------------------------------------------------

--
-- Table structure for table `sortprogress`
--

CREATE TABLE `sortprogress` (
  `sproId` int(11) NOT NULL,
  `userId` int(11) NOT NULL,
  `sortId` int(11) NOT NULL,
  `attempt` int(11) DEFAULT 0,
  `fullScore` int(11) DEFAULT 0,
  `maxScore` int(11) DEFAULT 0,
  `meanScore` int(11) DEFAULT 0
) ENGINE=InnoDB DEFAULT CHARSET=utf8mb4;

--
-- Dumping data for table `sortprogress`
--

INSERT INTO `sortprogress` (`sproId`, `userId`, `sortId`, `attempt`, `fullScore`, `maxScore`, `meanScore`) VALUES
(1, 2, 1, 59, 44, 100, 77),
(2, 2, 2, 50, 40, 100, 85),
(3, 2, 3, 63, 55, 100, 91),
(4, 2, 4, 61, 55, 100, 92),
(5, 2, 5, 61, 56, 100, 91),
(6, 2, 6, 37, 31, 100, 94),
(7, 2, 7, 50, 44, 100, 94),
(8, 3, 1, 70, 19, 100, 67),
(9, 3, 2, 28, 16, 100, 80),
(10, 3, 3, 26, 20, 100, 78),
(11, 3, 4, 13, 0, 86, 59),
(12, 3, 5, 64, 27, 100, 77),
(13, 3, 6, 77, 34, 100, 75),
(14, 3, 7, 0, 0, 0, 0),
(15, 4, 1, 4, 4, 100, 100),
(16, 4, 2, 0, 0, 0, 0),
(17, 4, 3, 0, 0, 0, 0),
(18, 4, 4, 0, 0, 0, 0),
(19, 4, 5, 0, 0, 0, 0),
(20, 4, 6, 0, 0, 0, 0),
(21, 4, 7, 0, 0, 0, 0),
(22, 5, 1, 10, 3, 100, 63),
(23, 5, 2, 0, 0, 0, 0),
(24, 5, 3, 0, 0, 0, 0),
(25, 5, 4, 0, 0, 0, 0),
(26, 5, 5, 0, 0, 0, 0),
(27, 5, 6, 0, 0, 0, 0),
(28, 5, 7, 0, 0, 0, 0),
(29, 6, 1, 0, 0, 0, 0),
(30, 6, 2, 0, 0, 0, 0),
(31, 6, 3, 0, 0, 0, 0),
(32, 6, 4, 0, 0, 0, 0),
(33, 6, 5, 0, 0, 0, 0),
(34, 6, 6, 0, 0, 0, 0),
(35, 6, 7, 0, 0, 0, 0),
(36, 7, 1, 0, 0, 0, 0),
(37, 7, 2, 0, 0, 0, 0),
(38, 7, 3, 0, 0, 0, 0),
(39, 7, 4, 0, 0, 0, 0),
(40, 7, 5, 0, 0, 0, 0),
(41, 7, 6, 0, 0, 0, 0),
(42, 7, 7, 0, 0, 0, 0),
(43, 8, 1, 19, 7, 100, 71),
(44, 8, 2, 13, 8, 100, 69),
(45, 8, 3, 16, 8, 100, 62),
(46, 8, 4, 36, 8, 100, 60),
(47, 8, 5, 14, 3, 100, 62),
(48, 8, 6, 28, 2, 100, 51),
(49, 8, 7, 14, 6, 100, 62),
(50, 9, 1, 37, 15, 100, 83),
(51, 9, 2, 23, 6, 100, 62),
(52, 9, 3, 15, 11, 100, 84),
(53, 9, 4, 33, 15, 100, 69),
(54, 9, 5, 22, 3, 100, 76),
(55, 9, 6, 21, 3, 100, 52),
(56, 9, 7, 19, 2, 100, 61),
(57, 10, 1, 19, 5, 100, 56),
(58, 10, 2, 32, 6, 100, 47),
(59, 10, 3, 20, 7, 100, 59),
(60, 10, 4, 37, 2, 100, 59),
(61, 10, 5, 13, 6, 100, 84),
(62, 10, 6, 25, 2, 100, 48),
(63, 10, 7, 13, 8, 100, 75),
(64, 11, 1, 40, 20, 100, 72),
(65, 11, 2, 41, 16, 100, 63),
(66, 11, 3, 19, 8, 100, 59),
(67, 11, 4, 67, 10, 100, 47),
(68, 11, 5, 31, 5, 100, 64),
(69, 11, 6, 28, 4, 100, 49),
(70, 11, 7, 27, 10, 100, 65),
(71, 12, 1, 46, 27, 100, 77),
(72, 12, 2, 39, 25, 100, 77),
(73, 12, 3, 30, 15, 100, 68),
(74, 12, 4, 21, 4, 100, 50),
(75, 12, 5, 61, 34, 100, 71),
(76, 12, 6, 60, 27, 100, 69),
(77, 12, 7, 20, 12, 100, 69),
(78, 13, 1, 38, 26, 100, 89),
(79, 13, 2, 11, 7, 100, 91),
(80, 13, 3, 10, 10, 100, 100),
(81, 13, 4, 21, 12, 100, 73),
(82, 13, 5, 9, 2, 100, 74),
(83, 13, 6, 30, 9, 100, 66),
(84, 13, 7, 19, 16, 100, 97),
(85, 14, 1, 19, 9, 100, 77),
(86, 14, 2, 8, 1, 100, 69),
(87, 14, 3, 5, 4, 100, 80),
(88, 14, 4, 4, 0, 33, 27),
(89, 14, 5, 20, 1, 100, 53),
(90, 14, 6, 5, 1, 100, 38),
(91, 14, 7, 0, 0, 0, 0),
(92, 15, 1, 13, 9, 100, 89),
(93, 15, 2, 43, 15, 100, 85),
(94, 15, 3, 36, 26, 100, 80),
(95, 15, 4, 0, 0, 0, 0),
(96, 15, 5, 0, 0, 0, 0),
(97, 15, 6, 0, 0, 0, 0),
(98, 15, 7, 0, 0, 0, 0),
(99, 16, 1, 29, 7, 100, 78),
(100, 16, 2, 23, 12, 100, 75),
(101, 16, 3, 20, 17, 100, 92),
(102, 16, 4, 45, 16, 100, 68),
(103, 16, 5, 27, 18, 100, 92),
(104, 16, 6, 35, 2, 100, 53),
(105, 16, 7, 12, 8, 100, 82),
(106, 17, 1, 43, 10, 100, 65),
(107, 17, 2, 50, 29, 100, 75),
(108, 17, 3, 22, 14, 100, 72),
(109, 17, 4, 34, 12, 100, 53),
(110, 17, 5, 41, 29, 100, 78),
(111, 17, 6, 47, 3, 100, 45),
(112, 17, 7, 18, 14, 100, 83),
(113, 18, 1, 35, 16, 100, 76),
(114, 18, 2, 22, 6, 100, 63),
(115, 18, 3, 14, 7, 100, 74),
(116, 18, 4, 27, 14, 100, 69),
(117, 18, 5, 22, 2, 100, 66),
(118, 18, 6, 40, 5, 100, 49),
(119, 18, 7, 12, 7, 100, 79),
(120, 19, 1, 58, 26, 100, 78),
(121, 19, 2, 48, 31, 100, 81),
(122, 19, 3, 31, 23, 100, 87),
(123, 19, 4, 34, 9, 100, 56),
(124, 19, 5, 63, 15, 100, 77),
(125, 19, 6, 57, 8, 100, 50),
(126, 19, 7, 18, 11, 100, 85),
(127, 20, 1, 22, 9, 100, 76),
(128, 20, 2, 20, 15, 100, 84),
(129, 20, 3, 24, 17, 100, 81),
(130, 20, 4, 23, 18, 100, 91),
(131, 20, 5, 19, 17, 100, 97),
(132, 20, 6, 18, 5, 100, 69),
(133, 20, 7, 15, 15, 100, 100),
(134, 21, 1, 25, 15, 100, 86),
(135, 21, 2, 36, 9, 100, 57),
(136, 21, 3, 16, 10, 100, 82),
(137, 21, 4, 30, 22, 100, 84),
(138, 21, 5, 29, 13, 100, 87),
(139, 21, 6, 19, 2, 100, 44),
(140, 21, 7, 12, 9, 100, 84),
(141, 22, 1, 0, 0, 0, 0),
(142, 22, 2, 0, 0, 0, 0),
(143, 22, 3, 0, 0, 0, 0),
(144, 22, 4, 0, 0, 0, 0),
(145, 22, 5, 0, 0, 0, 0),
(146, 22, 6, 0, 0, 0, 0),
(147, 22, 7, 0, 0, 0, 0),
(148, 23, 1, 0, 0, 0, 0),
(149, 23, 2, 0, 0, 0, 0),
(150, 23, 3, 0, 0, 0, 0),
(151, 23, 4, 0, 0, 0, 0),
(152, 23, 5, 0, 0, 0, 0),
(153, 23, 6, 0, 0, 0, 0),
(154, 23, 7, 0, 0, 0, 0),
(155, 24, 1, 64, 20, 100, 79),
(156, 24, 2, 52, 21, 100, 73),
(157, 24, 3, 24, 14, 100, 77),
(158, 24, 4, 49, 8, 100, 62),
(159, 24, 5, 137, 62, 100, 70),
(160, 24, 6, 93, 36, 100, 53),
(161, 24, 7, 25, 9, 100, 74),
(162, 25, 1, 46, 10, 100, 69),
(163, 25, 2, 2, 2, 100, 100),
(164, 25, 3, 0, 0, 0, 0),
(165, 25, 4, 0, 0, 0, 0),
(166, 25, 5, 0, 0, 0, 0),
(167, 25, 6, 0, 0, 0, 0),
(168, 25, 7, 0, 0, 0, 0),
(169, 26, 1, 55, 6, 100, 48),
(170, 26, 2, 34, 11, 100, 52),
(171, 26, 3, 19, 4, 100, 43),
(172, 26, 4, 61, 24, 100, 66),
(173, 26, 5, 22, 2, 100, 49),
(174, 26, 6, 45, 6, 100, 55),
(175, 26, 7, 21, 10, 100, 66),
(176, 27, 1, 23, 17, 100, 87),
(177, 27, 2, 57, 20, 100, 79),
(178, 27, 3, 51, 35, 100, 76),
(179, 27, 4, 4, 4, 100, 100),
(180, 27, 5, 20, 11, 100, 76),
(181, 27, 6, 22, 13, 100, 78),
(182, 27, 7, 0, 0, 0, 0),
(183, 28, 1, 91, 8, 100, 39),
(184, 28, 2, 0, 0, 0, 0),
(185, 28, 3, 0, 0, 0, 0),
(186, 28, 4, 0, 0, 0, 0),
(187, 28, 5, 0, 0, 0, 0),
(188, 28, 6, 0, 0, 0, 0),
(189, 28, 7, 0, 0, 0, 0),
(190, 29, 1, 27, 17, 100, 76),
(191, 29, 2, 17, 9, 100, 73),
(192, 29, 3, 25, 18, 100, 81),
(193, 29, 4, 23, 1, 100, 47),
(194, 29, 5, 27, 20, 100, 88),
(195, 29, 6, 29, 3, 100, 50),
(196, 29, 7, 20, 15, 100, 82),
(197, 30, 1, 6, 4, 100, 86),
(198, 30, 2, 3, 1, 100, 47),
(199, 30, 3, 0, 0, 0, 0),
(200, 30, 4, 0, 0, 0, 0),
(201, 30, 5, 0, 0, 0, 0),
(202, 30, 6, 0, 0, 0, 0),
(203, 30, 7, 0, 0, 0, 0),
(204, 31, 1, 34, 19, 100, 80),
(205, 31, 2, 14, 9, 100, 83),
(206, 31, 3, 7, 5, 100, 72),
(207, 31, 4, 22, 17, 100, 82),
(208, 31, 5, 13, 6, 100, 87),
(209, 31, 6, 24, 9, 100, 65),
(210, 31, 7, 12, 4, 100, 80),
(211, 32, 1, 20, 10, 100, 74),
(212, 32, 2, 14, 4, 100, 55),
(213, 32, 3, 12, 9, 100, 81),
(214, 32, 4, 37, 2, 100, 53),
(215, 32, 5, 19, 4, 100, 78),
(216, 32, 6, 17, 2, 100, 54),
(217, 32, 7, 18, 2, 100, 69),
(218, 33, 1, 24, 7, 100, 75),
(219, 33, 2, 29, 9, 100, 56),
(220, 33, 3, 12, 6, 100, 76),
(221, 33, 4, 26, 8, 100, 52),
(222, 33, 5, 22, 3, 100, 72),
(223, 33, 6, 33, 4, 100, 47),
(224, 33, 7, 11, 7, 100, 91),
(225, 34, 1, 0, 0, 0, 0),
(226, 34, 2, 0, 0, 0, 0),
(227, 34, 3, 0, 0, 0, 0),
(228, 34, 4, 0, 0, 0, 0),
(229, 34, 5, 0, 0, 0, 0),
(230, 34, 6, 0, 0, 0, 0),
(231, 34, 7, 0, 0, 0, 0),
(232, 35, 1, 30, 6, 100, 71),
(233, 35, 2, 16, 15, 100, 96),
(234, 35, 3, 11, 3, 100, 63),
(235, 35, 4, 1, 0, 45, 45),
(236, 35, 5, 8, 2, 100, 71),
(237, 35, 6, 3, 1, 100, 45),
(238, 35, 7, 0, 0, 0, 0),
(239, 36, 1, 42, 18, 100, 74),
(240, 36, 2, 19, 15, 100, 88),
(241, 36, 3, 11, 7, 100, 72),
(242, 36, 4, 28, 21, 100, 88),
(243, 36, 5, 15, 7, 100, 99),
(244, 36, 6, 19, 4, 100, 74),
(245, 36, 7, 13, 3, 100, 82),
(246, 37, 1, 72, 42, 100, 76),
(247, 37, 2, 45, 26, 100, 79),
(248, 37, 3, 57, 52, 100, 88),
(249, 37, 4, 53, 35, 100, 76),
(250, 37, 5, 65, 39, 100, 82),
(251, 37, 6, 43, 23, 100, 66),
(252, 37, 7, 39, 35, 100, 87),
(253, 38, 1, 52, 35, 100, 86),
(254, 38, 2, 60, 23, 100, 75),
(255, 38, 3, 42, 33, 100, 83),
(256, 38, 4, 164, 98, 100, 62),
(257, 38, 5, 60, 46, 100, 82),
(258, 38, 6, 49, 15, 100, 72),
(259, 38, 7, 128, 45, 100, 71),
(260, 39, 1, 0, 0, 0, 0),
(261, 39, 2, 0, 0, 0, 0),
(262, 39, 3, 0, 0, 0, 0),
(263, 39, 4, 0, 0, 0, 0),
(264, 39, 5, 0, 0, 0, 0),
(265, 39, 6, 0, 0, 0, 0),
(266, 39, 7, 0, 0, 0, 0),
(267, 40, 1, 0, 0, 0, 0),
(268, 40, 2, 0, 0, 0, 0),
(269, 40, 3, 0, 0, 0, 0),
(270, 40, 4, 0, 0, 0, 0),
(271, 40, 5, 0, 0, 0, 0),
(272, 40, 6, 0, 0, 0, 0),
(273, 40, 7, 0, 0, 0, 0),
(274, 41, 1, 52, 21, 100, 77),
(275, 41, 2, 34, 23, 100, 81),
(276, 41, 3, 32, 20, 100, 75),
(277, 41, 4, 25, 20, 100, 88),
(278, 41, 5, 27, 11, 100, 83),
(279, 41, 6, 23, 3, 100, 45),
(280, 41, 7, 15, 10, 100, 70),
(281, 42, 1, 0, 0, 0, 0),
(282, 42, 2, 0, 0, 0, 0),
(283, 42, 3, 0, 0, 0, 0),
(284, 42, 4, 0, 0, 0, 0),
(285, 42, 5, 0, 0, 0, 0),
(286, 42, 6, 0, 0, 0, 0),
(287, 42, 7, 0, 0, 0, 0),
(288, 43, 1, 88, 29, 100, 80),
(289, 43, 2, 74, 35, 100, 68),
(290, 43, 3, 89, 35, 100, 63),
(291, 43, 4, 60, 14, 100, 53),
(292, 43, 5, 101, 10, 100, 49),
(293, 43, 6, 40, 16, 100, 58),
(294, 43, 7, 29, 18, 100, 73),
(295, 44, 1, 87, 20, 100, 59),
(296, 44, 2, 16, 7, 100, 68),
(297, 44, 3, 16, 5, 100, 70),
(298, 44, 4, 32, 18, 100, 70),
(299, 44, 5, 29, 6, 100, 75),
(300, 44, 6, 19, 1, 100, 47),
(301, 44, 7, 16, 8, 100, 73),
(302, 45, 1, 38, 22, 100, 82),
(303, 45, 2, 31, 20, 100, 76),
(304, 45, 3, 46, 40, 100, 88),
(305, 45, 4, 37, 18, 100, 75),
(306, 45, 5, 30, 20, 100, 83),
(307, 45, 6, 43, 16, 100, 70),
(308, 45, 7, 19, 12, 100, 86),
(309, 46, 1, 0, 0, 0, 0),
(310, 46, 2, 0, 0, 0, 0),
(311, 46, 3, 0, 0, 0, 0),
(312, 46, 4, 0, 0, 0, 0),
(313, 46, 5, 0, 0, 0, 0),
(314, 46, 6, 0, 0, 0, 0),
(315, 46, 7, 0, 0, 0, 0),
(316, 47, 1, 0, 0, 0, 0),
(317, 47, 2, 0, 0, 0, 0),
(318, 47, 3, 0, 0, 0, 0),
(319, 47, 4, 0, 0, 0, 0),
(320, 47, 5, 0, 0, 0, 0),
(321, 47, 6, 0, 0, 0, 0),
(322, 47, 7, 0, 0, 0, 0),
(323, 48, 1, 0, 0, 0, 0),
(324, 48, 2, 0, 0, 0, 0),
(325, 48, 3, 0, 0, 0, 0),
(326, 48, 4, 0, 0, 0, 0),
(327, 48, 5, 0, 0, 0, 0),
(328, 48, 6, 0, 0, 0, 0),
(329, 48, 7, 0, 0, 0, 0),
(330, 49, 1, 16, 7, 100, 71),
(331, 49, 2, 19, 8, 100, 68),
(332, 49, 3, 19, 6, 100, 60),
(333, 49, 4, 51, 2, 100, 62),
(334, 49, 5, 19, 5, 100, 80),
(335, 49, 6, 46, 2, 100, 37),
(336, 49, 7, 13, 5, 100, 74),
(337, 50, 1, 22, 8, 100, 75),
(338, 50, 2, 22, 6, 100, 65),
(339, 50, 3, 20, 15, 100, 83),
(340, 50, 4, 22, 12, 100, 72),
(341, 50, 5, 33, 1, 100, 69),
(342, 50, 6, 18, 2, 100, 40),
(343, 50, 7, 7, 2, 100, 73),
(344, 51, 1, 0, 0, 0, 0),
(345, 51, 2, 0, 0, 0, 0),
(346, 51, 3, 0, 0, 0, 0),
(347, 51, 4, 0, 0, 0, 0),
(348, 51, 5, 0, 0, 0, 0),
(349, 51, 6, 0, 0, 0, 0),
(350, 51, 7, 0, 0, 0, 0),
(351, 52, 1, 30, 14, 100, 86),
(352, 52, 2, 24, 16, 100, 89),
(353, 52, 3, 14, 7, 100, 81),
(354, 52, 4, 25, 22, 100, 96),
(355, 52, 5, 22, 3, 100, 75),
(356, 52, 6, 25, 2, 100, 55),
(357, 52, 7, 9, 4, 100, 87),
(358, 53, 1, 4, 2, 100, 92),
(359, 53, 2, 0, 0, 0, 0),
(360, 53, 3, 0, 0, 0, 0),
(361, 53, 4, 0, 0, 0, 0),
(362, 53, 5, 0, 0, 0, 0),
(363, 53, 6, 0, 0, 0, 0),
(364, 53, 7, 0, 0, 0, 0),
(365, 54, 1, 0, 0, 0, 0),
(366, 54, 2, 0, 0, 0, 0),
(367, 54, 3, 0, 0, 0, 0),
(368, 54, 4, 0, 0, 0, 0),
(369, 54, 5, 0, 0, 0, 0),
(370, 54, 6, 0, 0, 0, 0),
(371, 54, 7, 0, 0, 0, 0),
(372, 55, 1, 43, 23, 100, 73),
(373, 55, 2, 19, 10, 100, 65),
(374, 55, 3, 24, 16, 100, 75),
(375, 55, 4, 47, 0, 76, 46),
(376, 55, 5, 29, 4, 100, 67),
(377, 55, 6, 30, 3, 100, 46),
(378, 55, 7, 27, 11, 100, 82),
(379, 56, 1, 21, 8, 100, 82),
(380, 56, 2, 21, 9, 100, 70),
(381, 56, 3, 41, 32, 100, 82),
(382, 56, 4, 33, 23, 100, 86),
(383, 56, 5, 45, 3, 100, 74),
(384, 56, 6, 45, 3, 100, 47),
(385, 56, 7, 14, 8, 100, 89),
(386, 57, 1, 0, 0, 0, 0),
(387, 57, 2, 0, 0, 0, 0),
(388, 57, 3, 0, 0, 0, 0),
(389, 57, 4, 0, 0, 0, 0),
(390, 57, 5, 0, 0, 0, 0),
(391, 57, 6, 0, 0, 0, 0),
(392, 57, 7, 0, 0, 0, 0),
(393, 58, 1, 40, 20, 100, 82),
(394, 58, 2, 34, 14, 100, 67),
(395, 58, 3, 19, 12, 100, 78),
(396, 58, 4, 23, 14, 100, 86),
(397, 58, 5, 34, 3, 100, 66),
(398, 58, 6, 45, 3, 100, 48),
(399, 58, 7, 10, 3, 100, 69),
(400, 59, 1, 37, 23, 100, 85),
(401, 59, 2, 32, 7, 100, 67),
(402, 59, 3, 18, 12, 100, 80),
(403, 59, 4, 42, 24, 100, 78),
(404, 59, 5, 37, 10, 100, 87),
(405, 59, 6, 23, 9, 100, 64),
(406, 59, 7, 38, 20, 100, 67),
(407, 60, 1, 0, 0, 0, 0),
(408, 60, 2, 0, 0, 0, 0),
(409, 60, 3, 0, 0, 0, 0),
(410, 60, 4, 0, 0, 0, 0),
(411, 60, 5, 0, 0, 0, 0),
(412, 60, 6, 0, 0, 0, 0),
(413, 60, 7, 0, 0, 0, 0),
(414, 61, 1, 15, 8, 100, 74),
(415, 61, 2, 0, 0, 0, 0),
(416, 61, 3, 0, 0, 0, 0),
(417, 61, 4, 0, 0, 0, 0),
(418, 61, 5, 0, 0, 0, 0),
(419, 61, 6, 0, 0, 0, 0),
(420, 61, 7, 0, 0, 0, 0),
(421, 62, 1, 33, 17, 100, 86),
(422, 62, 2, 20, 14, 100, 82),
(423, 62, 3, 18, 8, 100, 75),
(424, 62, 4, 45, 13, 100, 79),
(425, 62, 5, 21, 4, 100, 89),
(426, 62, 6, 27, 3, 100, 54),
(427, 62, 7, 12, 7, 100, 73),
(428, 63, 1, 19, 2, 100, 61),
(429, 63, 2, 16, 4, 100, 46),
(430, 63, 3, 17, 7, 100, 45),
(431, 63, 4, 0, 0, 0, 0),
(432, 63, 5, 8, 0, 23, 16),
(433, 63, 6, 2, 0, 23, 14),
(434, 63, 7, 0, 0, 0, 0),
(435, 64, 1, 36, 9, 100, 69),
(436, 64, 2, 28, 6, 100, 57),
(437, 64, 3, 27, 12, 100, 85),
(438, 64, 4, 36, 8, 100, 56),
(439, 64, 5, 27, 1, 100, 77),
(440, 64, 6, 24, 3, 100, 50),
(441, 64, 7, 31, 8, 100, 62),
(442, 65, 1, 22, 14, 100, 84),
(443, 65, 2, 13, 6, 100, 65),
(444, 65, 3, 9, 8, 100, 88),
(445, 65, 4, 6, 2, 100, 63),
(446, 65, 5, 13, 9, 100, 89),
(447, 65, 6, 9, 3, 100, 62),
(448, 65, 7, 0, 0, 0, 0),
(449, 66, 1, 24, 5, 100, 68),
(450, 66, 2, 9, 3, 100, 59),
(451, 66, 3, 5, 2, 100, 47),
(452, 66, 4, 0, 0, 0, 0),
(453, 66, 5, 4, 0, 71, 31),
(454, 66, 6, 0, 0, 0, 0),
(455, 66, 7, 0, 0, 0, 0),
(456, 67, 1, 36, 25, 100, 85),
(457, 67, 2, 21, 12, 100, 86),
(458, 67, 3, 23, 19, 100, 84),
(459, 67, 4, 39, 30, 100, 84),
(460, 67, 5, 55, 20, 100, 78),
(461, 67, 6, 42, 16, 100, 59),
(462, 67, 7, 15, 11, 100, 83),
(463, 68, 1, 63, 9, 100, 50),
(464, 68, 2, 31, 13, 100, 71),
(465, 68, 3, 51, 22, 100, 76),
(466, 68, 4, 37, 5, 100, 46),
(467, 68, 5, 28, 2, 100, 77),
(468, 68, 6, 23, 3, 100, 51),
(469, 68, 7, 30, 3, 100, 59),
(470, 69, 1, 63, 8, 100, 67),
(471, 69, 2, 57, 4, 100, 44),
(472, 69, 3, 39, 8, 100, 62),
(473, 69, 4, 81, 5, 100, 31),
(474, 69, 5, 39, 3, 100, 74),
(475, 69, 6, 30, 2, 100, 39),
(476, 69, 7, 31, 3, 100, 46),
(477, 70, 1, 3, 1, 100, 80),
(478, 70, 2, 0, 0, 0, 0),
(479, 70, 3, 0, 0, 0, 0),
(480, 70, 4, 0, 0, 0, 0),
(481, 70, 5, 0, 0, 0, 0),
(482, 70, 6, 0, 0, 0, 0),
(483, 70, 7, 0, 0, 0, 0),
(484, 71, 1, 0, 0, 0, 0),
(485, 71, 2, 0, 0, 0, 0),
(486, 71, 3, 0, 0, 0, 0),
(487, 71, 4, 0, 0, 0, 0),
(488, 71, 5, 0, 0, 0, 0),
(489, 71, 6, 0, 0, 0, 0),
(490, 71, 7, 0, 0, 0, 0),
(491, 72, 1, 53, 10, 100, 67),
(492, 72, 2, 85, 24, 100, 64),
(493, 72, 3, 107, 41, 100, 69),
(494, 72, 4, 47, 4, 100, 64),
(495, 72, 5, 78, 7, 100, 56),
(496, 72, 6, 40, 8, 100, 52),
(497, 72, 7, 14, 6, 100, 74),
(498, 73, 1, 58, 49, 100, 88),
(499, 73, 2, 42, 31, 100, 83),
(500, 73, 3, 22, 17, 100, 86),
(501, 73, 4, 5, 0, 33, 26),
(502, 73, 5, 5, 2, 100, 82),
(503, 73, 6, 19, 1, 100, 46),
(504, 73, 7, 0, 0, 0, 0),
(505, 74, 1, 0, 0, 0, 0),
(506, 74, 2, 0, 0, 0, 0),
(507, 74, 3, 0, 0, 0, 0),
(508, 74, 4, 0, 0, 0, 0),
(509, 74, 5, 0, 0, 0, 0),
(510, 74, 6, 0, 0, 0, 0),
(511, 74, 7, 0, 0, 0, 0),
(512, 75, 1, 0, 0, 0, 0),
(513, 75, 2, 0, 0, 0, 0),
(514, 75, 3, 0, 0, 0, 0),
(515, 75, 4, 0, 0, 0, 0),
(516, 75, 5, 0, 0, 0, 0),
(517, 75, 6, 0, 0, 0, 0),
(518, 75, 7, 0, 0, 0, 0),
(519, 76, 1, 2, 1, 100, 96),
(520, 76, 2, 0, 0, 0, 0),
(521, 76, 3, 0, 0, 0, 0),
(522, 76, 4, 0, 0, 0, 0),
(523, 76, 5, 0, 0, 0, 0),
(524, 76, 6, 0, 0, 0, 0),
(525, 76, 7, 0, 0, 0, 0),
(526, 77, 1, 20, 7, 100, 60),
(527, 77, 2, 5, 2, 100, 73),
(528, 77, 3, 7, 4, 100, 80),
(529, 77, 4, 0, 0, 0, 0),
(530, 77, 5, 8, 0, 45, 34),
(531, 77, 6, 2, 0, 35, 23),
(532, 77, 7, 0, 0, 0, 0),
(533, 78, 1, 0, 0, 0, 0),
(534, 78, 2, 0, 0, 0, 0),
(535, 78, 3, 0, 0, 0, 0),
(536, 78, 4, 0, 0, 0, 0),
(537, 78, 5, 0, 0, 0, 0),
(538, 78, 6, 0, 0, 0, 0),
(539, 78, 7, 0, 0, 0, 0),
(540, 79, 1, 0, 0, 0, 0),
(541, 79, 2, 0, 0, 0, 0),
(542, 79, 3, 0, 0, 0, 0),
(543, 79, 4, 0, 0, 0, 0),
(544, 79, 5, 0, 0, 0, 0),
(545, 79, 6, 0, 0, 0, 0),
(546, 79, 7, 0, 0, 0, 0),
(547, 80, 1, 50, 32, 100, 83),
(548, 80, 2, 24, 19, 100, 89),
(549, 80, 3, 24, 20, 100, 89),
(550, 80, 4, 34, 25, 100, 85),
(551, 80, 5, 46, 34, 100, 89),
(552, 80, 6, 36, 12, 100, 73),
(553, 80, 7, 46, 40, 100, 90),
(554, 81, 1, 30, 9, 100, 82),
(555, 81, 2, 13, 12, 100, 98),
(556, 81, 3, 11, 8, 100, 84),
(557, 81, 4, 32, 17, 100, 85),
(558, 81, 5, 16, 10, 100, 94),
(559, 81, 6, 23, 3, 100, 65),
(560, 81, 7, 10, 8, 100, 93),
(561, 82, 1, 0, 0, 0, 0),
(562, 82, 2, 0, 0, 0, 0),
(563, 82, 3, 0, 0, 0, 0),
(564, 82, 4, 0, 0, 0, 0),
(565, 82, 5, 0, 0, 0, 0),
(566, 82, 6, 0, 0, 0, 0),
(567, 82, 7, 0, 0, 0, 0);

-- --------------------------------------------------------

--
-- Table structure for table `sprites`
--

CREATE TABLE `sprites` (
  `spriteId` int(11) NOT NULL,
  `name` varchar(255) NOT NULL,
  `spritePath` varchar(255) NOT NULL
) ENGINE=InnoDB DEFAULT CHARSET=utf8mb4;

--
-- Dumping data for table `sprites`
--

INSERT INTO `sprites` (`spriteId`, `name`, `spritePath`) VALUES
(1, 'evan:embarrassed ', '../spritePics/evanE.png'),
(2, 'evan:normal', '../spritePics/evanF0.png'),
(3, 'evan:happy', '../spritePics/evanF2.png'),
(4, 'evan:crying', '../spritePics/evanF5.png'),
(5, 'evan:shocked', '../spritePics/evanF7.png'),
(6, 'evan:smile', '../spritePics/evanN.png'),
(7, 'evan:serious', '../spritePics/evanS.png'),
(8, 'polwigle', '../spritePics/polwigle.png'),
(9, 'Soul', '../spritePics/soul.png'),
(10, 'Silver', '../spritePics/silver.png'),
(11, 'Aqua', '../spritePics/aqua.png'),
(12, 'Frost', '../spritePics/frost.png'),
(13, 'Green', '../spritePics/green.png'),
(14, 'Death', '../spritePics/death.png'),
(15, 'God', '../spritePics/god.png'),
(16, 'Phoenix', '../spritePics/phoenix.png'),
(17, 'Acacia', '../spritePics/acacia.png'),
(18, 'Demon', '../spritePics/demon.png'),
(19, 'Slime', '../spritePics/slime.png'),
(20, 'Soul (Shadow)', '../spritePics/soulshadow.png'),
(21, 'Snail', '../spritePics/snail.png'),
(22, 'Mushroom', '../spritePics/mushroom.png'),
(23, 'Golem', '../spritePics/golem.png'),
(24, 'Ghost', '../spritePics/ghost.png'),
(25, 'Trishula', '../spritePics/trishula.png'),
(26, 'Egul', '../spritePics/egul.png'),
(27, 'Mutant Egul', '../spritePics/mutantEgul.png');

-- --------------------------------------------------------

--
-- Table structure for table `stages`
--

CREATE TABLE `stages` (
  `stageId` int(11) NOT NULL,
  `name` varchar(255) NOT NULL,
  `chId` int(11) NOT NULL
) ENGINE=InnoDB DEFAULT CHARSET=utf8mb4;

--
-- Dumping data for table `stages`
--

INSERT INTO `stages` (`stageId`, `name`, `chId`) VALUES
(1, 'Stage 1 - Beginning with Bubbles', 1),
(2, 'Stage 2 - Dust on Fire', 1),
(3, 'Stage 3 - Slimes on Earth', 1),
(4, 'Stage 4 - Disaster in Darkness', 1),
(5, 'Stage 5 - Haunting in Daylight', 1),
(6, 'Stage 6 - Debris under the Wind', 1),
(7, 'Stage 7 - The real crisis on an Iceberg', 1),
(8, 'Stage 8 - Final Destination', 1),
(11, 'Stage Level', 4),
(12, 'Stage Hard', 5),
(13, 'Stage Level Special', 4);

-- --------------------------------------------------------

--
-- Table structure for table `storypics`
--

CREATE TABLE `storypics` (
  `pStoryId` int(11) NOT NULL,
  `questId` int(11) NOT NULL,
  `picture` varchar(255) NOT NULL,
  `start` int(11) DEFAULT 0,
  `stop` int(11) DEFAULT 0
) ENGINE=InnoDB DEFAULT CHARSET=utf8mb4;

--
-- Dumping data for table `storypics`
--

INSERT INTO `storypics` (`pStoryId`, `questId`, `picture`, `start`, `stop`) VALUES
(25, 9, '../storyPic/insertAnimation.gif', 24, 26),
(26, 14, '../storyPic/selectAnimation.gif', 18, 19),
(27, 18, '../storyPic/mergeAnimation.gif', 20, 23),
(28, 22, '../storyPic/quickAnimation.gif', 34, 35),
(29, 26, '../storyPic/heapAnimation.gif', 17, 18),
(30, 30, '../storyPic/countAnimation.gif', 14, 14),
(31, 3, '../storyPic/bubbleAnimation.gif', 2, 3);

-- --------------------------------------------------------

--
-- Table structure for table `storytexts`
--

CREATE TABLE `storytexts` (
  `tStoryId` int(11) NOT NULL,
  `questId` int(11) NOT NULL,
  `no` int(11) DEFAULT 1,
  `speaker` varchar(255) NOT NULL,
  `text` varchar(255) NOT NULL,
  `lSpriteId` int(11) DEFAULT NULL,
  `rSpriteId` int(11) DEFAULT NULL
) ENGINE=InnoDB DEFAULT CHARSET=utf8mb4;

--
-- Dumping data for table `storytexts`
--

INSERT INTO `storytexts` (`tStoryId`, `questId`, `no`, `speaker`, `text`, `lSpriteId`, `rSpriteId`) VALUES
(1814, 1, 1, '', '> On a beach somewhere', 20, NULL),
(1815, 1, 2, '??', '…s. .a.. .p', 20, NULL),
(1816, 1, 3, '??', '… who…', 20, NULL),
(1817, 1, 4, '??', 'wah!!', 20, NULL),
(1818, 1, 5, '??', '(my head is a mess… where is this…)', 20, NULL),
(1819, 1, 6, '??', '(ummmm… no use… strange… what happened…)', 20, NULL),
(1820, 1, 7, '??', '(name… name… Soul… at least I remember my own name…)', 20, NULL),
(1821, 1, 8, 'Soul', '(thinking a lot makes me thirsty… i wonder if there is drinking water around here…)', 20, NULL),
(1822, 1, 9, '', '> Soul wonders around and finds a small pond. He then drinks water from it.', 20, NULL),
(1823, 1, 10, 'Soul', '(That’s refreshing but what a strange taste this water has… wait a second…)', 20, NULL),
(1824, 1, 11, '', '> While Soul is thinking about water taste, he sees his reflection on the pond.', 20, NULL),
(1825, 1, 12, 'Soul', '(WAIT!! WA WHY AM I DRAGON?! Not just my face but MY WHOLE BODY?! By the way, aren’t a dragons walk on 4 legs? Why am I walking on 2 legs… WAIT, THAT’S NOT IMPORTANT!) *puts his hands on his head*', 9, NULL),
(1826, 1, 13, 'Soul', '… Fu *puts his hands off his head* (Calm down, me… Why not ask people around?)', 9, NULL),
(1827, 2, 1, '', '> While Soul is wondering on the beach, he sees a village far away and… a mouse? under a coconut tree not far from him.', 9, NULL),
(1828, 2, 2, 'Soul', '(I should try asking that mouse.) *walks towards the mouse*', 9, NULL),
(1829, 2, 3, '??', 'Hm? Can I help you?', NULL, 10),
(1830, 2, 4, 'Soul', '(Wait. It can talk!)', 9, NULL),
(1831, 2, 5, '??', 'Are you unwell? You look pale.', NULL, 10),
(1832, 2, 6, 'Soul', 'Aah I want to ask you something… It may sound strange though… I want to know what this place no, this world is.', 9, NULL),
(1833, 2, 7, '??', 'This world? It’s a world where all animals live here.', NULL, 10),
(1834, 2, 8, 'Soul', '(Animal World?? Am I dreaming or what? How in the world am I here??? With amnesia to boot. Dammit.)', 9, NULL),
(1835, 2, 9, '??', '… Did you fall from the sky?', NULL, 10),
(1836, 2, 10, 'Soul', 'Huh? Um… (Now that you mention it, before I fainted, I felt like falling from something…) Probably?', 9, NULL),
(1837, 2, 11, '??', 'Prophecy is true.', NULL, 10),
(1838, 2, 12, 'Soul', 'Prophecy?', 9, NULL),
(1839, 2, 13, 'Silver', 'Oh I forgot to introduce myself. I’m Silver, a dragon, same as you. Also, you don’t have to be so polite with me.', NULL, 10),
(1840, 2, 14, 'Soul', '(A dragon? and here I thought that he was a mouse. What a big world…)', 9, NULL),
(1841, 2, 15, 'Soul', 'Um… Nice to meet you, Silver. I’m Soul. By the way, …', 9, NULL),
(1842, 2, 16, 'Silver', 'Prophecy, yes? Our goddess said \"Verily, this world shall meet its doomsday. Nonetheless, a hero from the heavens shall descend to halt it.\"', NULL, 10),
(1843, 2, 17, 'Soul', 'And I’m… that hero?', 9, NULL),
(1844, 2, 18, 'Silver', 'Yes, no one else falls from sky like you.', NULL, 10),
(1845, 2, 19, 'Soul', '(Well that’s true. Truly unbelieveable)', 9, NULL),
(1846, 2, 20, 'Silver', 'Oh right, Here. This book also falls from the sky. Maybe it’s for you. Want to try reading it?', NULL, 10),
(1847, 2, 21, 'Soul', '(Book? Thick one too. I don’t want to read but…) *Reaches his hand out to the book*', 9, NULL),
(1848, 2, 22, '', '> The moment Soul touches the book, it becomes a light then disappears.', 9, 10),
(1849, 2, 23, 'Soul', 'Eh What happened?', 9, NULL),
(1850, 2, 24, 'Silver', '… Prophecy is really true.', NULL, 10),
(1851, 2, 25, 'Soul', 'Huh', 9, NULL),
(1852, 2, 26, 'Silver', 'There is another prophecy about the hero. \"Whence a hero from the heavens doth arrive unto this world, a tome from the heavenly realm shall descend to bestow upon him his power. The tome shall alight in the hands of the hero and radiate with celestial lig', NULL, 10),
(1853, 2, 27, 'Soul', '… I feel some kind of power…', 9, NULL),
(1854, 2, 28, '', '> Soul has acquired Bubble Sort power', 9, 10),
(1855, 2, 29, 'Soul', 'Eh, Bubble Sort Power (That sounds familiar…)', 9, NULL),
(1856, 2, 30, 'Silver', 'Bubble Sort… I see', NULL, 10),
(1857, 2, 31, 'Soul', 'Silver, you know?', 9, NULL),
(1858, 2, 32, 'Silver', 'Um, it’s power used in battle. Quite powerful but maybe a bit hard to use.', NULL, 10),
(1859, 2, 33, 'Soul', '(Battle? What in the world? And hard to use?)', 9, NULL),
(1860, 2, 34, '', '> At that moment, Soul’s hand glows and the book appears in his hand.', 9, 10),
(1861, 2, 35, '', '> The book opens up and show content of Bubble Sort with some animations', 9, 10),
(1862, 2, 36, 'Silver', 'Seems like in order to draw out its full potential, Soul will need to sort appeared marbles in ascending order with Bubble Sort.', NULL, 10),
(1863, 2, 37, 'Soul', 'Ummm By the way, Silver. What is Big-O and Decrease and Conquer?', 9, NULL),
(1864, 2, 38, 'Silver', 'Big-O Notation? It tell Algorithm’s complexity and time to run it. Decrease and Conquer is problem solving strategy. It splits a problem into solved part and unsolved part then expands solved part until no unsolved part left. Why do you ask?', NULL, 10),
(1865, 2, 39, 'Soul', 'It showed up so I got curious.', 9, NULL),
(1866, 2, 40, '', '> The book flips and shows content of Big-O Notation and Design Strategy', 9, 10),
(1867, 2, 41, 'Soul', 'Ah. That’s convenient… but do I need to use these?', 9, NULL),
(1868, 2, 42, 'Silver', 'I heard that guardians ask questions about Big-O. I think Design strategy is only mentioned to help you understand though.', NULL, 10),
(1869, 2, 43, 'Soul', 'I hope we won’t see them…', 9, NULL),
(2007, 5, 1, '', '> After fighting snails', 9, 10),
(2008, 5, 2, 'Soul', 'Those snails are huge. Good thing, they are weak to water…', 9, NULL),
(2009, 5, 3, 'Silver', 'That fight made all snails run away. Now, the village should be safe.', NULL, 10),
(2010, 5, 4, 'Soul', 'Yeah! So I stopped doomsday, right?', 9, NULL),
(2011, 5, 5, 'Silver', 'Just a part of it. Like those snails, if we leave them alone, we may really have a world-scale incident.', NULL, 10),
(2012, 5, 6, 'Soul', 'Seriously?!', 9, NULL),
(2013, 5, 7, 'Silver', 'But! We stopped them! Shall we go tell Aqua?', NULL, 10),
(2014, 5, 8, 'Soul', 'Um.', 9, NULL),
(2015, 5, 9, '', '> Atlantean', 9, 10),
(2016, 5, 10, 'Soul', 'All snails are gone now.', 9, NULL),
(2017, 5, 11, 'Aqua', 'Really?! Thank you very much! As expected of the hero! By the way, where are you going to after this?', NULL, 11),
(2018, 5, 12, 'Soul', 'Umm. I don\'t know myself… Silver, you know?', 9, NULL),
(2019, 5, 13, 'Silver', 'From here… Volcanic is nearby, right?', 10, NULL),
(2020, 5, 14, 'Aqua', 'Yes though in order to go there, you will need to pass a trial from a guardian at our village\'s border.', NULL, 11),
(2021, 5, 15, 'Soul', '(What a jinx…)', 9, NULL),
(2022, 5, 16, 'Soul', 'You mean answering questions?', 9, NULL),
(2023, 5, 17, 'Aqua', 'Yes. I heard that you will need to know about Big-O Notation in order to pass. Allow me to escort you.', NULL, 11),
(2024, 5, 18, 'Soul', 'Thank you.', 9, NULL),
(2025, 5, 19, '', '> Atlantean\'s border', 9, 11),
(2026, 5, 20, 'Soul', 'Where is the guardian?', 9, NULL),
(2027, 5, 21, 'Aqua', 'He doesn\'t have form. Try walking to the door.', NULL, 11),
(2028, 5, 22, 'Soul', '*walks and touches the door*', 9, NULL),
(2029, 5, 23, '??', 'Thou who dost desire to proceed unto the land of fire, doth answereth mine question.', 9, NULL),
(2030, 7, 1, 'Soul', 'Those questions are quite hard… Good thing I manage to remember it.', 9, NULL),
(2031, 7, 2, 'Silver', 'Now then, shall we proceed?', NULL, 10),
(2032, 7, 3, 'Soul', 'Um, oh right, Silver. I should have asked this sooner but the doomsday you mentioned… what is it?', 9, NULL),
(2033, 7, 4, 'Silver', 'The prophecy doesn\'t mention it but judging from what happened in Atlantean, I guess it means big incidents in 7 major villages.', NULL, 10),
(2034, 7, 5, 'Soul', 'Meaning I have to go to those villages?', 9, NULL),
(2035, 7, 6, 'Silver', 'Most likely. Shall we?', NULL, 10),
(2036, 7, 7, 'Soul', 'Ok.', 9, NULL),
(2037, 8, 1, '', '> On the way to Volcanic', 9, 10),
(2038, 8, 2, 'Soul', 'I start to feel hot. Is it even hotter in that fire village?', 9, NULL),
(2039, 8, 3, 'Silver', 'A little hotter than this… if normal. Though, I feel like it\'s hotter than usual.', NULL, 10),
(2040, 8, 4, 'Soul', 'I think I can see mist faraway? Maybe its humidity makes we feel hotter than usual?', 9, NULL),
(2041, 8, 5, 'Silver', 'Probably. Normally, this place doesn\'t have mist…', NULL, 10),
(2042, 8, 6, 'Soul', 'or… dust?', 9, NULL),
(2043, 8, 7, 'Silver', 'Dust?', NULL, 10),
(2044, 8, 8, 'Soul', 'I\'m not sure but it feels like I have seen it before… not that I can remember…', 9, NULL),
(2045, 8, 9, 'Silver', 'Um… No use just discussing here. Why not ask villagers once we reach the place?', NULL, 10),
(2046, 8, 10, 'Soul', 'Good idea.', 9, NULL),
(2047, 9, 1, '', '> Village of Fire, Volcanic', 9, 10),
(2048, 9, 2, 'Soul', 'More empty than I thought…', 9, NULL),
(2049, 9, 3, 'Silver', 'Are villagers staying in their house?', NULL, 10),
(2050, 9, 4, 'Soul', 'How about we find some inns or bars so we can ask staffs or villagers about \"mist\".', 9, NULL),
(2051, 9, 5, 'Silver', 'Okay. I know a place. This way.', NULL, 10),
(2052, 9, 6, '', '> In front of a house.', 9, 10),
(2053, 9, 7, 'Silver', '*knocks the door* Phoenix, you there?', 10, NULL),
(2054, 9, 8, 'Phoenix', 'Silver! Haven\'t seen you in ages! And lemme guess, he is the hero?', NULL, 16),
(2055, 9, 9, 'Soul', 'Uh, yes. Good day, sir.', 9, NULL),
(2056, 9, 10, 'Phoenix', 'Hi! No need for fomality. I\'m Phoenix. Well, I\'m Silver\'s flying buddies! Well only when he comes to here though. HAHA!', NULL, 16),
(2057, 9, 11, 'Soul', 'Uh ok. By the way-', 9, NULL),
(2058, 9, 12, 'Phoenix', 'That mist, right? It\'s something called \"PM2.5 Dust\". I don\'t know who named it but it\'s super hard to breath outside now, thanks to it. That\'s why all of us stay in our house.', NULL, 16),
(2059, 9, 13, 'Soul', '(That name sounds very familiar...) What causes it?', 9, NULL),
(2060, 9, 14, 'Phoenix', 'Mushrooms.', NULL, 16),
(2061, 9, 15, 'Soul', 'MUSHROOMS?!', 9, NULL),
(2062, 9, 16, 'Phoenix', 'Well, they are a kind that releases spore in a form of PM2.5 Dust and they keep releasing nonstop!', NULL, 16),
(2063, 9, 17, 'Soul', 'Then anyway we can help?', 9, NULL),
(2064, 9, 18, 'Phoenix', 'Those mushrooms like water and heat but it can\'t stand a really hot weather. I think we can burn them to crisp. However, our fire power doesn\'t stand a chance.', NULL, 16),
(2065, 9, 19, 'Soul', '(Don\'t tell me…)', 9, NULL),
(2066, 9, 20, 'Phoenix', 'But power of the hero then…', NULL, 16),
(2067, 9, 21, 'Soul', '(I knew it!) But I can only shoots out water bullet.', 9, NULL),
(2068, 9, 22, 'Phoenix', 'You can\'t do Insertion Sort?', NULL, 16),
(2069, 9, 23, 'Soul', 'Yes… (Another familiar name pops up…)', 9, NULL),
(2070, 9, 24, 'Phoenix', 'Since you can use water magic then you can do Bubble Sort. Insertion Sort is similar. It\'s like splitting those marbles into 2 parts, sorted part on the left and unsorted part on the right then expanding those sorted part until no remaining unsorted part.', NULL, 16),
(2071, 9, 25, 'Soul', 'Well it uses \"Decrease and Conquer\" strategy right? How do we arrange sorted part?', 9, NULL),
(2072, 9, 26, 'Phoenix', 'Swapping to the back until it\'s sorted or until you find a marble with value less or equal the one you are checking.', NULL, 16),
(2073, 9, 27, '', '> Soul has acquired Insertion Sort power', 9, NULL),
(2074, 9, 28, '', '> The book appears in Soul\'s hand and opens to a page with content of Insertion Sort.', 9, 16),
(2075, 9, 29, 'Phoenix', 'Let\'s set those damn mushrooms on fire, Soul!', NULL, 16),
(2076, 9, 30, 'Silver', 'Ready?', NULL, 10),
(2077, 9, 31, 'Soul', 'Give me a minute.', 9, NULL),
(2078, 10, 1, '', '> Inside a volcano', 9, 16),
(2079, 10, 2, 'Soul', 'Wow… that\'s a lot mushrooms. All of them are full of spores too.', 9, NULL),
(2080, 10, 3, 'Silver', 'It seems this is the incident for the hero to solve. Let\'s take care of them!', 10, NULL),
(2081, 10, 4, 'Soul', 'Yeah. Let\'s do this!', 9, 10),
(2082, 12, 1, 'Phoenix', 'Damn your flame is really powerful. Anyways, thanks. Those spores should be gone after a while. Oh right, where are you guys going next? Naturia?', NULL, 16),
(2083, 12, 2, 'Silver', 'I think so. Just go past a mountain behind the village, right?', 10, NULL),
(2084, 12, 3, 'Phoenix', 'Yep!', NULL, 16),
(2085, 12, 4, 'Soul', 'Then shall we go now?', 9, NULL),
(2086, 12, 5, 'Phoenix', 'Best of luck, Mr. Hero! Silver! Come visit sometimes after you finish your duty, \'kay?', 16, NULL),
(2087, 12, 6, 'Silver', '\'kay.', 9, 10),
(2088, 12, 7, 'Soul', '(Duty?)', 9, NULL),
(2089, 12, 8, 'Silver', 'Oh, curious about my duty? My tribe has a duty to guide the hero. This time, I\'m chosen to guide you.', NULL, 10),
(2090, 12, 9, 'Soul', 'This time? You mean, there are other heroes?', 9, NULL),
(2091, 12, 10, 'Silver', 'The hero before you appeared almost thousand years ago. It\'s history now so let\'s focus on present and go to earth village, shall we?', NULL, 10),
(2092, 12, 11, 'Soul', 'U- Um.', 9, NULL),
(2093, 13, 1, 'Soul', 'Sorry, Silver but my legs hit limit.', 9, NULL),
(2094, 13, 2, 'Silver', 'Then let\'s take a break and enjoy a view.', NULL, 10),
(2095, 13, 3, 'Soul', 'By the way, What does earth village look like?', 9, NULL),
(2096, 13, 4, 'Silver', 'It\'s quite beautiful place. It\'s spring right now so it should be full of pink!', NULL, 10),
(2097, 13, 5, 'Soul', 'Pink of ...slimes?', 9, NULL),
(2098, 13, 6, 'Silver', 'Hm? No. Pink of flowers there. It\'s a village full of flowers and trees.', NULL, 10),
(2099, 13, 7, 'Soul', 'But I think I see a bunch of slimes there. *points to a village below the mountain*', 9, NULL),
(2100, 13, 8, 'Silver', '… Oh dear, it seems earth village is being attacked by slimes.', NULL, 10),
(2101, 13, 9, 'Soul', 'Then, let\'s hurry. *massage his feet a little then starts running*', 9, NULL),
(2102, 14, 1, '', '> Village of Earth, Naturia', 9, 10),
(2103, 14, 2, 'Silver', 'It seems slimes has eaten all flowers in the village and some of houses…', NULL, 10),
(2104, 14, 3, 'Soul', 'What should we do? Burn them?', 9, NULL),
(2105, 14, 4, 'Silver', 'I don\'t think that will help. I think slimes hate rocks.', NULL, 10),
(2106, 14, 5, '??', 'Correct.', NULL, 17),
(2107, 14, 6, 'Soul', 'WAH!', 9, NULL),
(2108, 14, 7, 'Silver', 'Ah. You are a villager.', 10, NULL),
(2109, 14, 8, 'Acacia', 'Yep. Acaia. Please to meet you, hero.', NULL, 17),
(2110, 14, 9, 'Soul', 'N- N- Nice to meet you. (I think my heart stopped beating for like a minute)', 9, NULL),
(2111, 14, 10, 'Acacia', 'Sorry for startling ya, didn\'t intend.', NULL, 17),
(2112, 14, 11, 'Soul', 'Never mind about that. By the way, what happened?', 9, NULL),
(2113, 14, 12, 'Acacia', 'As you can see, slimes suddenly increase itself and invade our village.', NULL, 17),
(2114, 14, 13, 'Soul', 'Um… can we beat it with earth magic?', 9, NULL),
(2115, 14, 14, 'Acacia', 'We have been trying to chase them off but there are too much! Anyway, you can\'t cast earth magic, right?', NULL, 17),
(2116, 14, 15, 'Soul', 'Uh, yes.', 9, NULL),
(2117, 14, 16, 'Acacia', 'Do you know Selection Sort?', NULL, 17),
(2118, 14, 17, 'Soul', '… No.', 9, NULL),
(2119, 14, 18, 'Acacia', 'Ah… Selection Sort is quite easy. It works by finding minimum value then swap it to leftmost position.', NULL, 17),
(2120, 14, 19, 'Soul', 'So it uses Decrease and Conquer strategy, right? This one swap the lowest value to right position.', 9, NULL),
(2121, 14, 20, '', '> Soul has acquired Selection Sort power', 9, 17),
(2122, 14, 21, '', '> The book appears in Soul\'s hand and opens to a page with content of Selection Sort.', 9, 17),
(2123, 14, 22, 'Soul', 'I got a new function too. \"Find Min\"?', 9, NULL),
(2124, 14, 23, 'Acacia', 'Hm. Guessing from the name, you can find the lowest value with it. It takes cares effort of loop comparing for you. Wanna try crushing some slimes?', NULL, 17),
(2125, 14, 24, 'Soul', 'Ok.', 9, NULL),
(2126, 14, 25, 'Acacia', 'Okay then. They built a nest over there. Once you crushed them, remainers should run out of the village. Follow me.', NULL, 17),
(2127, 14, 26, 'Soul', 'Right.', 9, NULL),
(2128, 16, 1, 'Acacia', 'You have my thanks, hero. Leftover slimes start to get out of village. We can deal with them.', NULL, 17),
(2129, 16, 2, 'Soul', 'You\'re welcome.', 9, NULL),
(2130, 16, 3, 'Silver', 'Mr. Acacia, can you tell me where next village is?', 10, NULL),
(2131, 16, 4, 'Acacia', 'If memory serves, it\'s Archfiend in underground. I think the entrance should be in a cave in that mountain. Oh right, there\'s a guardian. Take care.', NULL, 17),
(2132, 16, 5, 'Silver', 'Shall we go?', 10, NULL),
(2133, 16, 6, 'Soul', 'Uh thanks, Mr. Acacia. Ok let\'s go.', 9, NULL),
(2134, 18, 1, 'Soul', 'This time, questions are way harder…', 9, NULL),
(2135, 18, 2, 'Silver', 'Just like a game! When we get new buff, game should be harder.', NULL, 10),
(2136, 18, 3, 'Soul', '(Why do I feel like we are breaking a 4th wall here) U- Um.', 9, NULL),
(2137, 18, 4, '', '> Village of Darkness, Archfiend', 9, 10),
(2138, 18, 5, 'Silver', 'This village looks like it\'s at night all the time since it relies on glowing minerals on ceiling-', NULL, 10),
(2139, 18, 6, 'Soul', 'And fire?', 9, NULL),
(2140, 18, 7, 'Silver', 'Ah. There are a bunch of golems walking around. Those fire are from those guys wrecking havoc. We need to hurry or the cave is finished!', NULL, 10),
(2141, 18, 8, 'Soul', 'What should we do? Throw rocks at them?', 9, NULL),
(2142, 18, 9, 'Silver', 'No. Golems must be beaten by dark magic. When its inside is hit by dark magic, it becomes corrupted and dissolved.', NULL, 10),
(2143, 18, 10, 'Soul', 'But I can\'t use dark magic (yet)?', 9, NULL),
(2144, 18, 11, 'Silver', 'Umm Death should be able to help.', NULL, 10),
(2145, 18, 12, 'Death', 'You call me, Silver?', 14, NULL),
(2146, 18, 13, 'Silver', 'Hey, Death. When did you-', 10, NULL),
(2147, 18, 14, 'Death', 'Your silver fur is so dang bright in this city, you know. Oh, you bring the hero.', NULL, 14),
(2148, 18, 15, 'Soul', 'Good afternoon.', 9, NULL),
(2149, 18, 16, 'Death', 'No need to be formal, man. I heard that you can\'t use dark magic. I would love to slowly tell you but we don\'t have much time. So here. *touches Soul\'s forehead.*', NULL, 14),
(2150, 18, 17, 'Soul', 'Ah.', 9, NULL),
(2151, 18, 18, '', '> Soul has acquired Merge Sort power', 9, NULL),
(2152, 18, 19, '', '> The book appears in Soul\'s hand and opens to a page with content of Merge Sort.', 9, 14),
(2153, 18, 20, 'Death', 'Done. This one is bit more tricky. *peeks at the book page* but you can conveniently divide and merge huh. Well best of luck, man.', NULL, 14),
(2154, 18, 21, 'Soul', 'R- Right. My head…', 9, NULL),
(2155, 18, 22, 'Silver', 'Are you okay, Soul?', NULL, 10),
(2156, 18, 23, 'Soul', 'Y- Yeah. Merge Sort uses the other design strategy so it\'s different. It halves data into groups until each of them has 1 value then merge them back to how it was. Merging method is quite tricky but merge function can take care of it.', 9, NULL),
(2157, 18, 24, 'Death', 'You ready to come help us kill those golem? That\'s a spirit. Those bastards\' boss is in middle of village. If we beat it, others are just lackeys which we can kill easily.', NULL, 14),
(2158, 18, 25, 'Soul', 'Ok. Lead the way.', 9, NULL),
(2159, 20, 1, 'Soul', 'Fu… The moment we beat it, exhaustion took over my body…', 9, NULL),
(2160, 20, 2, 'Silver', 'Ah sorry, we hardly take a break after all. Let\'s rest here for now.', NULL, 10),
(2161, 20, 3, 'Death', 'If you wanna rest, I have suggestion. Come to my house.', NULL, 14),
(2162, 20, 4, '', '> Death\'s house', 10, 14),
(2163, 20, 5, 'Death', 'Welcome. Welcome. Feel free to do whatever you want. Just don\'t break things.', NULL, 14),
(2164, 20, 6, 'Silver', 'What kind of luck does your house have? It looks fine.', 10, NULL),
(2165, 20, 7, 'Death', 'Those bastard golems destroy the village from parts to parts. Before we killed their boss, only my part is untouched while others are wrecked into debris.', NULL, 14),
(2166, 20, 8, 'Soul', 'Righttt… Zzz…. *sleeps face-down on bed*', 9, NULL),
(2167, 20, 9, 'Silver', 'Sweet dreams, Soul.', 10, NULL),
(2168, 20, 10, 'Death', '*whispers* Dude, you really worked him too hard.', NULL, 14),
(2169, 20, 11, 'Silver', '*whispers* Probably… *flys to the bed and gently pats Souls\'s head*', 10, NULL),
(2170, 20, 12, '', '> Next day', 9, NULL),
(2171, 20, 13, 'Soul', '… *stretches*', 9, NULL),
(2172, 20, 14, 'Death', 'Oh hey, our sleepy hero is up. Silver, wake up. *wakes Silver who is sleeping on a table*', NULL, 14),
(2173, 20, 15, 'Silver', 'Hm… Oh, good morning, Death. Good morning, Soul.', 10, NULL),
(2174, 20, 16, 'Soul', 'Good morning, Silver, Death. Strange… Normally, when you wake up, you should have breakfast. After coming here, I only feel thirsty at best.', 9, NULL),
(2175, 20, 17, 'Silver', 'About that, we don\'t need food so we don\'t even know what hunger is. We only drink water. That\'s it.', NULL, 10),
(2176, 20, 18, 'Death', 'Speaking of water, here. *throws a bottle full of water to Soul* This is miniral water. One bottle is enough to stay full for days.', NULL, 14),
(2177, 20, 19, 'Soul', 'Ah, thanks. *opens bottle and drinks all water inside it*', 9, NULL),
(2178, 20, 20, 'Death', 'The village is recovering quite well. Won\'t be long til it becomes like before. Thank you, Heee ro. *walks to hit Soul\'s back*', NULL, 14),
(2179, 20, 21, 'Soul', 'Ya- Yeah. (Ouch. You hit too hard, man) Right, Silver, Where are we going today?', 9, NULL),
(2180, 20, 22, 'Silver', 'Photon. We go there via a tunnel.', NULL, 10),
(2181, 20, 23, 'Soul', 'Okay then let\'s get going.', 9, NULL),
(2182, 20, 24, 'Death', 'Wait, you know where the tunnel is?', NULL, 14),
(2183, 20, 25, 'Soul', 'Ah no but I also know that you will lead us!', 9, NULL),
(2184, 20, 26, 'Death', '(Calm down, me. Don\'t get pissed) Right. Right. Come, this way.', NULL, 14),
(2185, 21, 1, 'Death', 'After this, you guys are on your own. Best of luck, Heee ro and his partner.', 14, NULL),
(2186, 21, 2, 'Soul', 'Thank you.', 9, 10),
(2187, 21, 3, 'Soul', 'By the way, will my eye adjust in time?', 9, NULL),
(2188, 21, 4, 'Silver', 'Don\'t worry. It\'s still morning. It\'s not that bright.', NULL, 10),
(2189, 21, 5, 'Soul', 'Right.', 9, NULL),
(2190, 22, 1, '', '> Village of Light, Photon', 9, 10),
(2191, 22, 2, 'Soul', 'Wow, it really brights, compared to Archfiend. It\'s in a middle of desert, after all.', 9, NULL),
(2192, 22, 3, 'Silver', 'It\'s beauty of this place!', NULL, 10),
(2193, 22, 4, '??', '…! A hero from the sky.', NULL, 15),
(2194, 22, 5, 'Soul', 'Yes? (Long time no my full position name…)', 9, NULL),
(2195, 22, 6, '??', 'Sorry but I heard you said Archfiend, no? Did they release something this way?', NULL, 15),
(2196, 22, 7, 'Soul', 'I don\'t think so. Archfiend was hit by golems pretty hard. I don\'t think they even had time to think about attacking your city at all.', 9, NULL),
(2197, 22, 8, 'God', 'Not Archfiend too… Then where are they come from… Uh, I\'m God. Nice to meet you.', NULL, 15),
(2198, 22, 9, 'Silver', 'What happened, God?', 10, NULL),
(2199, 22, 10, 'God', 'Apparently, ghost comes out to cause ruckus to villagers. It\'s real headache.', NULL, 15),
(2200, 22, 11, 'Soul', 'G- Ghosts?!', 9, NULL),
(2201, 22, 12, 'Silver', 'Soul, are you scared of ghosts?', NULL, 10),
(2202, 22, 13, 'God', 'Those guys aren\'t scary. It just looks like a flying cloth. That\'s why we call them ghosts.', NULL, 15),
(2203, 22, 14, 'Soul', 'O- Okay. It still sounds scary though.', 9, NULL),
(2204, 22, 15, 'God', 'Uh, speaking of devil. There. *points to ghosts flying in sky*', NULL, 15),
(2205, 22, 16, 'Soul', 'I- I see. Well, they won\'t jumpscare. I can take it.', 9, NULL),
(2206, 22, 17, 'Silver', 'Don\'t those guys hate light? Why are they flying in daylight?', 10, NULL),
(2207, 22, 18, 'God', 'That\'s what we want to know as well.', NULL, 15),
(2208, 22, 19, 'Soul', 'Why not go checking around?', 9, NULL),
(2209, 22, 20, 'Silver', 'Agree. If we find cause, we should be able to solve it.', 10, NULL),
(2210, 22, 21, '', '> 2 hours later.', 9, 10),
(2211, 22, 22, 'Soul', 'Can\'t find anything weird at all.', 9, NULL),
(2212, 22, 23, 'God', 'Then, there\'s only one place we haven\'t checked is Oasis, right? This way.', NULL, 15),
(2213, 22, 24, '', '> Oasis', 9, 15),
(2214, 22, 25, 'Soul', 'Feel like millions of them.', 9, NULL),
(2215, 22, 26, 'Silver', 'Not that many.', NULL, 10),
(2216, 22, 27, 'Soul', 'Interjection.', 9, NULL),
(2217, 22, 28, 'God', 'Those guys use Oasis\'s water to protect themselves from sunlight, huh. They also increase their numbers.', NULL, 15),
(2218, 22, 29, 'Soul', 'Can we beat them all?', 9, NULL),
(2219, 22, 30, 'God', 'It should be possible and if we beat them here, that should be all ghosts.', NULL, 15),
(2220, 22, 31, 'Soul', 'Right. I\'m so gonna beat them to pulp! (for making me scared!!)', 9, NULL),
(2221, 22, 32, 'Silver', 'This sounds like personal problem to me.', NULL, 10),
(2222, 22, 33, '', '> Soul has acquired Quick Sort power', 9, 10),
(2223, 22, 34, '', '> The book appears in Soul\'s hand and opens to a page with content of Quick Sort.', 9, 10),
(2224, 22, 35, 'Soul', 'I can now do partitioning. It splits marbles into group with values less than Pivot, Pivot and group with values more than Pivot. Pivot is always the first value of the group. I see, after partitioning, pivot is placed at right place. Basically, we keep p', 9, NULL),
(2225, 22, 36, 'God', 'Perfect. Ready?', NULL, 15),
(2226, 22, 37, 'Silver', 'No time to get ready. Light from the book totally hogged all ghosts to us. They want to silence us.', 10, NULL),
(2227, 22, 38, 'Soul', 'Well, let\'s go.', 9, NULL),
(2228, 24, 1, 'God', 'Thanks a bunch, Soul. We almost went crazy from those ghosts.', NULL, 15),
(2229, 24, 2, 'Soul', 'You\'re welcome. Silver, what is next village?', 9, NULL),
(2230, 24, 3, 'Silver', 'Gusto. We can use a tunnel in Archfiend.', NULL, 10),
(2231, 24, 4, 'Silver', 'Also, There\'s a guardian at the exit as well. Shall we go?', NULL, 10),
(2232, 24, 5, 'God', 'Good luck, hero!', NULL, 15),
(2233, 24, 6, 'Soul', 'Thanks!', 9, NULL),
(2234, 26, 1, '', '> Village of Wind, Gusto', 9, 10),
(2235, 26, 2, '', '> The village seems deserted and strange monsters keeps destroying things nonstop.', 9, 10),
(2236, 26, 3, 'Soul', 'What… hap… penned…?!', 9, NULL),
(2237, 26, 4, 'Silver', 'Those monsters are from village of ice. Why are they here?', NULL, 10),
(2238, 26, 5, 'Soul', 'How do we handle them?', 9, NULL),
(2239, 26, 6, 'Silver', 'Those guys actually hate ice magic but wind magic should work.', NULL, 10),
(2240, 26, 7, 'Soul', 'However, we can\'t learn ice magic here. I can still learn wind magic, right?', 9, NULL),
(2241, 26, 8, 'Silver', 'Yeah, in order to learn ice magic, we need to pass through those horde of monster to Crystron. It\'s too risky.', NULL, 10),
(2242, 26, 9, 'Silver', 'Good thing, all villagers evacuated.', NULL, 10),
(2243, 26, 10, 'Soul', '… Then the book? At Photon, the book just updated by itself.', 9, NULL),
(2244, 26, 11, 'Silver', 'Um, that time, Soul\'s will was really strong. Let\'s try it. Wind magic uses Heap Sort.', NULL, 10),
(2245, 26, 12, 'Soul', 'Ok.', 9, NULL),
(2246, 26, 13, '', '> Soul has acquired Heap Sort power', 9, 10),
(2247, 26, 14, 'Soul', '> The book appears in Soul\'s hand.', 9, NULL),
(2248, 26, 15, '', '> Soul ได้พลัง Heap Sort', 9, NULL),
(2249, 26, 16, '', '> The book opens to a page with content of Heap Sort.', 9, 10),
(2250, 26, 17, 'Soul', 'Heap Sort arranges marbles into Heap to make the first value become highest value then swap it right position. After that, heapify remaining values into heap then swap to right again. Do it until all values are not in Heap.', 9, NULL),
(2251, 26, 18, 'Silver', 'Heap Function can make Heap tree for me and also heapify existed tree and Pop Node Function can remove last node so I just use heap, swap then pop node over and over.', NULL, 10),
(2252, 26, 19, 'Soul', 'Ok. Let\'s do it.', 9, NULL),
(2253, 26, 20, 'Silver', 'Alright!', NULL, 10),
(2254, 28, 1, 'Soul', 'Man, that\'s way tougher than before.', 9, NULL),
(2255, 28, 2, 'Silver', 'Um but I still feel strange. I think we should hurry to Crystron. This way. Just cross this bridge.', NULL, 10),
(2256, 28, 3, '??', 'Are you the one who chased those monsters away?', NULL, 13),
(2257, 28, 4, 'Silver', 'Ah. I thought you all evacuated.', 10, NULL),
(2258, 28, 5, 'Naga', 'I\'m Naga. When others were evacuating, I wasn\'t able to catch up to them and got left behind. Thus, I have been hiding in debris until now.', NULL, 13),
(2259, 28, 6, 'Soul', 'How about you hide in the tunnel? The one to Archfiend.', 9, NULL),
(2260, 28, 7, 'Naga', 'I can\'t open the door.', NULL, 13),
(2261, 28, 8, 'Silver', 'We can open it for you.', 10, NULL),
(2262, 28, 9, 'Naga', 'On second thought, it\'s okay. Now that the hero is here, monsters should be wiped clean in no time now.', NULL, 13),
(2263, 28, 10, 'Soul', 'Okay. Then I shall go teach those guys a lesson at the moment!', 9, NULL),
(2264, 30, 1, 'Soul', 'This place too…', 9, NULL),
(2265, 30, 2, 'Silver', 'But monsters are from Gusto…', NULL, 10),
(2266, 30, 3, 'Soul', 'Strange. Why would monsters from 2 villages…', 9, NULL),
(2267, 30, 4, 'Silver', 'For now, let\'s take care of them. Wind magic should do.', NULL, 10),
(2268, 30, 5, 'Soul', 'Ok!', 9, NULL),
(2269, 30, 6, 'มอนส์เตอร์', '*starts to become mutant*', 26, 27),
(2270, 30, 7, 'Soul', 'What?!', 9, NULL),
(2271, 30, 8, 'Silver', 'That look… It looks just like monsters from here which means it\'s no longer weak to wind. I think ice magic still works.', NULL, 10),
(2272, 30, 9, 'Soul', 'Ok I need to learn ice magic, right?', 9, NULL),
(2273, 30, 10, 'Silver', 'Yeah, Distribution Counting Sort.', NULL, 10),
(2274, 30, 11, 'Soul', '… (Strong Will to learn… Distribution Counting Sort)', 9, NULL),
(2275, 30, 12, '', '> Soul has acquired Distribution Counting Sort power', 9, NULL),
(2276, 30, 13, '', '> The book appears in Soul\'s hand and opens to a page with content of Distribution Counting Sort.', 9, 10),
(2277, 30, 14, 'Soul', 'This one looks easy? Find cumulative frequencies for each value then use them to place value in right place. Once placed a value, decrement frequency of that value by 1. Get Cumulative Count Function finds cumulative frequencies for me and Move Function m', 9, 10),
(2278, 30, 15, 'Silver', 'Ready?', NULL, 10),
(2279, 30, 16, 'Soul', 'Um!', 9, NULL),
(2280, 32, 1, 'Soul', 'Ha… Ha… Those guys aren\'t weak but no resistance. Lucky…', 9, NULL),
(2281, 32, 2, 'Silver', 'Looks like we managed to temporarily solve incidents in both villages but we can\'t be sure if they will attack again…', NULL, 10),
(2282, 32, 3, '??', 'Who dare killed all my monsters?!', NULL, 18),
(2283, 32, 4, 'Soul', '?!', 9, NULL),
(2284, 32, 5, '??', 'Oh… A hero from the sky huh? The prophecy is really. Scarily. Spot. On.', NULL, 18),
(2285, 32, 6, 'Soul', 'Who are you?!', 9, NULL),
(2286, 32, 7, 'Demon', 'Just call me… Demon. The one who will bring confusion to this boring world. Peace. Bored. Me. To. Death. Thus, I just made things fun to you! What do you think? Try thinking about this. If these incidents hadn\'t occurred, you wouldn\'t have been here and e', NULL, 18),
(2287, 32, 8, 'Soul', 'Peace is already good. If you are bored, don\'t bring the world into this! There are a bunch of things you can do for fun-', 9, NULL),
(2288, 32, 9, 'Demon', 'Huhu Hahaha! That was just a speech I thought up. As a villian, I need to say something along this line some point. Then again, it\'s so lame. However, what. I. Know. Is… fate wants us to face each other. Anyways! I have prepared a nice arena for our showd', NULL, 18),
(2289, 32, 10, '', '> A dimension door opens up in front of Soul and Silver.', 9, 10),
(2290, 32, 11, 'Soul', 'Let\'s go. *walks to touch the door*', 9, NULL),
(2291, 32, 12, 'ผู้ปกป้อง', 'Thou who dost desire to proceed unto the palace beyond heavens, doth answereth mine question.', 9, 10),
(2292, 32, 13, 'Soul', '(Still have questions?!)', 9, 10),
(2293, 34, 1, '', '> Outside of Space Palace', 9, 10),
(2294, 34, 2, 'Soul', 'This is…', 9, NULL),
(2295, 34, 3, 'Silver', 'Are we in space?', NULL, 10),
(2296, 34, 4, 'Soul', 'And we can breath.', 9, NULL),
(2297, 34, 5, 'Silver', 'There are invisible barrier around the palace so we can breath.', NULL, 10),
(2298, 34, 6, 'Soul', 'I only see a debris. It\'s stable, right?', 9, NULL),
(2299, 34, 7, 'Silver', 'It\'s just an illusion.', NULL, 10),
(2300, 34, 8, 'มอนส์เตอร์', '*floats out of the palace\'s door*', 21, 19),
(2301, 34, 9, 'Silver', 'Soul!', 9, 10),
(2302, 34, 10, 'Soul', 'Ok!', 9, 10),
(2303, 36, 1, '', '> Soul and Silver enters the palace', 9, 10),
(2304, 36, 2, 'มอนส์เตอร์', '*appears out of the floor*', 23, 24),
(2305, 36, 3, 'Soul', 'It just keeps coming!', 9, 10),
(2306, 39, 1, 'Demon', 'At long last, how is my gifts?', NULL, 18),
(2307, 39, 2, 'Soul', 'Gifts? Sent them all to hell.', 9, NULL),
(2308, 39, 3, 'Demon', 'Ehh then shall we begin? *splits into 3 bodies*', NULL, 18),
(2309, 39, 4, 'Soul', 'That\'s quite cheating…', 9, NULL),
(2310, 39, 5, 'Demon', 'Shut up. My own skill. My own problem.', NULL, 18),
(2311, 39, 6, 'Soul', 'Not surprised. Let\'s end this!', 9, 18),
(2312, 41, 1, 'Demon', 'Tch. I lost huh. Well, whatever. That battle was. So. Damn. Fun. No. Regrets. *dissolved into nothing*', NULL, 18),
(2313, 41, 2, 'Soul', 'Ha… Ha… It\'s finally over. *lies face up on palace floor*', 9, NULL),
(2314, 41, 3, 'Silver', 'Congratulation, Soul… No, a hero from the sky.', NULL, 10),
(2315, 41, 4, 'Soul', 'Silver, thanks for guiding me.', 9, NULL),
(2316, 41, 5, 'Silver', 'You\'re welcome. Now, I shall perform my last duty.', NULL, 10),
(2317, 41, 6, 'Soul', '?', 9, NULL),
(2318, 41, 7, 'Silver', 'Sealed memories, Body, Book. They are my doing. I\'m sorry for that but now, I will release them now. When that process is done, you will return to your own world.', NULL, 10),
(2319, 41, 8, 'Silver', 'Thank you for playing our game.', NULL, 10),
(2320, 42, 1, 'Soul', 'WOAH!!', 20, NULL),
(2321, 42, 2, 'Soul', 'Where… Bedroom… I pressed that play button… then…', 20, NULL),
(2322, 42, 3, 'Soul', 'Was it a dream? It\'s still 11 PM… probably tired.', 20, NULL),
(2323, 42, 4, 'Soul', '… … … I\'m gonna wash my face.', 20, NULL),
(2324, 42, 5, '', '> When Soul turns his face from his computer\'s screen. It lights up and displays a text in silver color, \"Thank You.\"', 20, NULL),
(2325, 42, 6, 'Soul', '!', 20, NULL),
(2326, 42, 7, '', '> Memories of himself in the other world comes flooding in.', 20, NULL),
(2327, 42, 8, 'Soul', '*smiles slightly* … I guess I will do that homework a bit.', 20, NULL),
(2328, 3, 1, '', '> 15 minutes later', 9, 10),
(2329, 3, 2, 'Soul', 'Doing Bubble Sort means comparing 2 values next to each other. If left is more than right, swap them so that the highest value is on rightmost position. Next round, do it again but stop at position before last. Repeat this until stopping point is second p', 9, NULL),
(2330, 3, 3, 'Soul', 'Basically, keep swapping to place highest on rightmost, right?', 9, NULL),
(2331, 3, 4, 'Silver', 'Wow, Soul learns quite fast.', NULL, 10),
(2332, 3, 5, 'Soul', 'T- Thanks *blushes*', 9, NULL),
(2333, 3, 6, 'Soul', 'Ah. The book is gone.', 9, NULL),
(2334, 3, 7, 'Silver', 'Maybe the book appears on Soul\'s wish?', NULL, 10),
(2335, 3, 8, 'Soul', 'Hm. Probably… Um… *Book appears in Soul\'s hand once more.* Well, that\'s convenient but aside from Big-O, Design Strategy and Bubble Sort, other pages are all empty...', 9, NULL),
(2336, 3, 9, 'Silver', 'I see. Hey, why don\'t we go to the village?', NULL, 10),
(2337, 3, 10, 'Soul', 'Eh? U-Um. (Is Silver a guide or something?)', 9, NULL),
(2338, 3, 11, 'Silver', 'Hm, What is it? Do I have something on my face?', NULL, 10),
(2339, 3, 12, 'Soul', 'Nah. Let\'s go.', 9, NULL),
(2340, 3, 13, '', '> Village of Water, Atlantean', 9, 10),
(2341, 3, 14, 'Soul', 'Oh. It\'s that village I saw back then. It looks normal… except villagers and bubbles floating around.', 9, NULL),
(2342, 3, 15, '??', 'Welcome to Atlantean! … Ah, could you be a hero from the sky?!', NULL, 11),
(2343, 3, 16, 'Soul', 'U- Um. (Wait, How did she know, am I that famous?)', 9, NULL),
(2344, 3, 17, 'Aqua', 'My name is Aqua. Could you help us something please?', NULL, 11),
(2345, 3, 18, 'Soul', '(Well, just thinks it as practice opportunity) Yes. What do you want me to help?', 9, NULL),
(2346, 3, 19, 'Aqua', 'Apparently, a lot of snails has been breaking our stuffs. Could you beat them?', NULL, 11),
(2347, 3, 20, 'Soul', 'Okay.', 9, NULL),
(2348, 3, 21, 'Silver', 'It seems that those snails are gathered just outside the village, let\'s go.', NULL, 10);

-- --------------------------------------------------------

--
-- Table structure for table `usergroups`
--

CREATE TABLE `usergroups` (
  `groupId` int(11) NOT NULL,
  `name` varchar(255) NOT NULL,
  `deadline` datetime DEFAULT NULL
) ENGINE=InnoDB DEFAULT CHARSET=utf8mb4;

--
-- Dumping data for table `usergroups`
--

INSERT INTO `usergroups` (`groupId`, `name`, `deadline`) VALUES
(1, 'Testers', NULL),
(2, 'TestGroups', NULL),
(3, 'CPE 36', '2023-05-04 23:59:00');

-- --------------------------------------------------------

--
-- Table structure for table `users`
--

CREATE TABLE `users` (
  `userId` int(11) NOT NULL,
  `studentId` char(11) NOT NULL,
  `name` varchar(255) NOT NULL
) ENGINE=InnoDB DEFAULT CHARSET=utf8mb4;

--
-- Dumping data for table `users`
--

INSERT INTO `users` (`userId`, `studentId`, `name`) VALUES
(2, '62070501060', 'Wipada Wantaratorn'),
(3, '62070501050', 'Phoraphop'),
(4, '62070501048', 'Pimpawee'),
(5, '62070501111', 'Peemai'),
(6, '62070501112', 'Hello Tester'),
(7, '62070501113', 'Hello Tester 2'),
(8, '65070503401', 'MR.KANITPONG THOKUM'),
(9, '65070503402', 'MR.KORAWIT SRITOTUM'),
(10, '65070503403', 'MR.KRITSANAPHONG THAWORANA'),
(11, '65070503404', 'MS.KWINYARUT POUNGSANGTHANAKUL'),
(12, '65070503405', 'MR.KASIDIT TRUNGJITVILAS'),
(13, '65070503406', 'MR.GUNN WANGWICHIT'),
(14, '65070503407', 'MR.KITTIPOB BORISUT'),
(15, '65070503408', 'MR.JARUKIT JINTANASATHIRAKUL'),
(16, '65070503409', 'MR.CHAYAPHON CHAISANGKHA'),
(17, '65070503410', 'MR.CHARUNTHON LIMSEELO'),
(18, '65070503411', 'MR.CHAWIT PIMAPANSRI'),
(19, '65070503412', 'MR.CHITSANUPONG JATEASSAVAPIROM'),
(20, '65070503415', 'MS.NATCHA TRAIRATTANASAK'),
(21, '65070503416', 'MR.NATTAPONG KOKAEW'),
(22, '65070503418', 'MS.THANCHANOK SINGHAYOTIN'),
(23, '65070503419', 'MR.NOPARUJ BOONSOTORNSTIT'),
(24, '65070503420', 'MS.NAN AYE MYINT KYI'),
(25, '65070503421', 'MR.PARICH KONGTONG'),
(26, '65070503422', 'MR.PARIT LEELASETAWONG'),
(27, '65070503423', 'MR.PANYAWUT PIYASIRINANAN'),
(28, '65070503424', 'MR.POONNAWAT NONTANAKCHEEVIN'),
(29, '65070503425', 'MS.PAMIKA LERTSRISATIT'),
(30, '65070503426', 'MR.PONGPON PRAKOBNOPPAKAO'),
(31, '65070503427', 'MR.PONTAKORN WICHAPORN'),
(32, '65070503428', 'MR.PITCHAYAPAT WAREEVANICH'),
(33, '65070503429', 'MR.PEERACHET KRAIVIJITR'),
(34, '65070503430', 'MR.PAKAWAT PHASOOK'),
(35, '65070503431', 'MS.PORNCHANOK PINNUWAT'),
(36, '65070503432', 'MR.PATARAPHOL PHOLNGAM'),
(37, '65070503433', 'MS.PASARIN SUTHACHIVA'),
(38, '65070503434', 'MR.RAPEPONG PITIJAROONPONG'),
(39, '65070503435', 'MS.WACHIRAYA PICHAYACHARUNKUL'),
(40, '65070503436', 'MS.SINSORN CHAITHAVORNKIT'),
(41, '65070503437', 'MR.SUPANUT WONGTANOM'),
(42, '65070503438', 'MR.SORAWIT TONPITAK'),
(43, '65070503439', 'MR.SIKARES NUNTIPATSAKUL'),
(44, '65070503440', 'MR.SUCHANAT RATANARUEANGRONG'),
(45, '65070503441', 'MS.AUNYADA KUMRUKSA'),
(46, '65070503442', 'MR.INTOUCH KRAJANGPRATEEP'),
(47, '65070503443', 'MS.JIRAPORN JAISAART'),
(48, '65070503444', 'MS.JUTAMAS KAEWCHUENCHAI'),
(49, '65070503445', 'MR.CHANAWAT LIMPANATEWIN'),
(50, '65070503446', 'MS.NICHAPORN MANACHAIPRASERT'),
(51, '65070503447', 'MR.TINNAWUT NOINARAI'),
(52, '65070503448', 'MR.THANAKIT CHOKBUNSUWAN'),
(53, '65070503449', 'MR.THANAPHAT NGOENNET'),
(54, '65070503450', 'MR.THANAKRON SOONJAW'),
(55, '65070503451', 'MR.THANOO THANUSUTTIYAPORN'),
(56, '65070503453', 'MS.NARINTHORN NAVABUTR'),
(57, '65070503454', 'MR.NANPHAT TONGSIRISUKOOL'),
(58, '65070503455', 'MS.NANTHIDA TEANKRAJANG'),
(59, '65070503456', 'MR.PARUNCHAI KOCHSENI'),
(60, '65070503457', 'MR.PARATTHAKON SUKSUKHON'),
(61, '65070503458', 'MR.PODSAWEE WANATHAM'),
(62, '65070503459', 'MR.PHAKHAPOL MANEESOPA'),
(63, '65070503460', 'MR.PATTAVEE KARWPITHKKHUN'),
(64, '65070503461', 'MR.PHURI YAMUTHAI'),
(65, '65070503462', 'MS.MENGQI ZHANG'),
(66, '65070503463', 'MR.RAVIBHAS SVETARUNDRA'),
(67, '65070503464', 'MR.RATCHANON TARAWAN'),
(68, '65070503465', 'MR.VAROD TATIYATIDSANA'),
(69, '65070503466', 'MR.WARAPOL PRATUMTA'),
(70, '65070503467', 'MR.SIRAWAT KULNOK'),
(71, '65070503468', 'MR.SUPAKORN MORARAI'),
(72, '65070503469', 'MR.SAWITT NGAMVILAISIRIWONG'),
(73, '65070503470', 'MS.ARITA TRAGULMALEE'),
(74, '65070503471', 'MR.AUNG KHANT THAW'),
(75, '65070503472', 'MR.HTOO MYAT MIN BO'),
(76, '65070503473', 'MR.MIN MYAT AUNG'),
(77, '65070503474', 'MR.WIRA YE YINT'),
(78, '65070503475', 'MR.KANCHAI LERDSRISAKULRAT'),
(79, '65070503477', 'MR.POKPONG SAKULTUMMARUK'),
(80, '65070503478', 'MR.PAPHONPAT TEMVISUTKUL'),
(81, '65070503479', 'MS.PORNNAPAT LI'),
(82, '65070503480', 'MR.YUIL TRIPATHEE');

-- --------------------------------------------------------

--
-- Table structure for table `wavemonsters`
--

CREATE TABLE `wavemonsters` (
  `waveId` int(11) NOT NULL,
  `mobId` int(11) NOT NULL,
  `number` int(11) DEFAULT 1
) ENGINE=InnoDB DEFAULT CHARSET=utf8mb4;

--
-- Dumping data for table `wavemonsters`
--

INSERT INTO `wavemonsters` (`waveId`, `mobId`, `number`) VALUES
(90, 1, 4),
(91, 2, 1),
(92, 4, 3),
(93, 3, 4),
(94, 5, 3),
(95, 6, 2),
(96, 7, 3),
(97, 8, 4),
(98, 10, 2),
(99, 9, 4),
(100, 11, 4),
(101, 12, 4),
(102, 14, 4),
(103, 13, 4),
(104, 15, 2),
(105, 16, 2),
(106, 17, 2),
(107, 18, 2),
(108, 21, 2),
(109, 19, 2),
(110, 20, 2),
(114, 25, 1),
(115, 25, 2),
(116, 25, 4),
(117, 26, 1),
(118, 26, 2),
(119, 26, 4),
(120, 27, 1),
(121, 27, 2),
(122, 27, 4),
(123, 28, 2),
(124, 28, 3),
(125, 28, 4),
(126, 30, 2),
(127, 30, 3),
(128, 30, 4),
(129, 29, 3),
(130, 29, 4),
(131, 29, 4),
(132, 31, 3),
(133, 31, 4),
(134, 31, 4),
(135, 39, 1),
(141, 32, 1),
(142, 33, 1),
(143, 34, 1),
(144, 35, 1),
(145, 36, 1),
(146, 37, 1),
(147, 38, 1),
(148, 22, 1),
(149, 23, 1),
(150, 24, 1);

-- --------------------------------------------------------

--
-- Table structure for table `waves`
--

CREATE TABLE `waves` (
  `waveId` int(11) NOT NULL,
  `questId` int(11) NOT NULL,
  `no` int(11) NOT NULL DEFAULT 1
) ENGINE=InnoDB DEFAULT CHARSET=utf8mb4;

--
-- Dumping data for table `waves`
--

INSERT INTO `waves` (`waveId`, `questId`, `no`) VALUES
(90, 4, 1),
(91, 4, 2),
(92, 11, 1),
(93, 11, 2),
(94, 15, 1),
(95, 15, 2),
(96, 19, 1),
(97, 19, 2),
(98, 23, 1),
(99, 23, 2),
(100, 27, 1),
(101, 27, 2),
(102, 31, 1),
(103, 31, 2),
(104, 35, 1),
(105, 35, 2),
(106, 35, 3),
(107, 37, 1),
(108, 37, 2),
(109, 38, 1),
(110, 38, 2),
(114, 44, 1),
(115, 44, 2),
(116, 44, 3),
(117, 45, 1),
(118, 45, 2),
(119, 45, 3),
(120, 46, 1),
(121, 46, 2),
(122, 46, 3),
(123, 47, 1),
(124, 47, 2),
(125, 47, 3),
(126, 49, 1),
(127, 49, 2),
(128, 49, 3),
(129, 48, 1),
(130, 48, 2),
(131, 48, 3),
(132, 50, 1),
(133, 50, 2),
(134, 50, 3),
(135, 54, 1),
(141, 51, 1),
(142, 51, 2),
(143, 51, 3),
(144, 52, 1),
(145, 52, 2),
(146, 53, 1),
(147, 53, 2),
(148, 40, 1),
(149, 40, 2),
(150, 40, 3);

--
-- Indexes for dumped tables
--

--
-- Indexes for table `admins`
--
ALTER TABLE `admins`
  ADD PRIMARY KEY (`adminId`);

--
-- Indexes for table `backgroundpics`
--
ALTER TABLE `backgroundpics`
  ADD PRIMARY KEY (`bgPicId`);

--
-- Indexes for table `battlesdetail`
--
ALTER TABLE `battlesdetail`
  ADD PRIMARY KEY (`bDescId`),
  ADD KEY `questId` (`questId`);

--
-- Indexes for table `chapters`
--
ALTER TABLE `chapters`
  ADD PRIMARY KEY (`chId`),
  ADD KEY `qTypeId` (`qCatId`);

--
-- Indexes for table `characters`
--
ALTER TABLE `characters`
  ADD PRIMARY KEY (`charId`),
  ADD KEY `skillId` (`skillId`),
  ADD KEY `spriteId` (`spriteId`),
  ADD KEY `requireQuest` (`requireQuest`);

--
-- Indexes for table `choices`
--
ALTER TABLE `choices`
  ADD PRIMARY KEY (`choiceId`),
  ADD KEY `quizId` (`quizId`);

--
-- Indexes for table `elementresistance`
--
ALTER TABLE `elementresistance`
  ADD PRIMARY KEY (`mobId`,`elemId`),
  ADD KEY `elemId` (`elemId`),
  ADD KEY `resId` (`resId`);

--
-- Indexes for table `elements`
--
ALTER TABLE `elements`
  ADD PRIMARY KEY (`elemId`),
  ADD KEY `requireQuest` (`requireQuest`);

--
-- Indexes for table `groupmembers`
--
ALTER TABLE `groupmembers`
  ADD PRIMARY KEY (`groupId`,`userId`),
  ADD KEY `userId` (`userId`);

--
-- Indexes for table `library`
--
ALTER TABLE `library`
  ADD PRIMARY KEY (`bookId`),
  ADD KEY `requireQuest` (`requireQuest`);

--
-- Indexes for table `monsters`
--
ALTER TABLE `monsters`
  ADD PRIMARY KEY (`mobId`),
  ADD KEY `spriteId` (`spriteId`);

--
-- Indexes for table `options`
--
ALTER TABLE `options`
  ADD PRIMARY KEY (`optionId`),
  ADD KEY `choiceId` (`choiceId`);

--
-- Indexes for table `players`
--
ALTER TABLE `players`
  ADD PRIMARY KEY (`playerId`),
  ADD KEY `userId` (`userId`),
  ADD KEY `charId` (`charId`);

--
-- Indexes for table `questcategories`
--
ALTER TABLE `questcategories`
  ADD PRIMARY KEY (`qCatId`);

--
-- Indexes for table `questprogress`
--
ALTER TABLE `questprogress`
  ADD PRIMARY KEY (`qproId`),
  ADD UNIQUE KEY `userId_2` (`userId`,`questId`),
  ADD KEY `userId` (`userId`),
  ADD KEY `questId` (`questId`);

--
-- Indexes for table `quests`
--
ALTER TABLE `quests`
  ADD PRIMARY KEY (`questId`),
  ADD KEY `bgPicId` (`bgPicId`),
  ADD KEY `stageId` (`stageId`),
  ADD KEY `qCatId` (`qTypeId`);

--
-- Indexes for table `questtypes`
--
ALTER TABLE `questtypes`
  ADD PRIMARY KEY (`qTypeId`);

--
-- Indexes for table `quizzes`
--
ALTER TABLE `quizzes`
  ADD PRIMARY KEY (`quizId`),
  ADD KEY `lSpriteId` (`lSpriteId`),
  ADD KEY `rSpriteId` (`rSpriteId`),
  ADD KEY `questId` (`questId`),
  ADD KEY `testElemId` (`testElemId`);

--
-- Indexes for table `resistvalues`
--
ALTER TABLE `resistvalues`
  ADD PRIMARY KEY (`resId`);

--
-- Indexes for table `shownelementresistance`
--
ALTER TABLE `shownelementresistance`
  ADD PRIMARY KEY (`bDescId`,`elemId`),
  ADD KEY `elemId` (`elemId`),
  ADD KEY `resId` (`resId`);

--
-- Indexes for table `skills`
--
ALTER TABLE `skills`
  ADD PRIMARY KEY (`skillId`),
  ADD KEY `elemId` (`elemId`);

--
-- Indexes for table `sortprogress`
--
ALTER TABLE `sortprogress`
  ADD PRIMARY KEY (`sproId`),
  ADD KEY `userId` (`userId`),
  ADD KEY `sortId` (`sortId`);

--
-- Indexes for table `sprites`
--
ALTER TABLE `sprites`
  ADD PRIMARY KEY (`spriteId`);

--
-- Indexes for table `stages`
--
ALTER TABLE `stages`
  ADD PRIMARY KEY (`stageId`),
  ADD KEY `chId` (`chId`);

--
-- Indexes for table `storypics`
--
ALTER TABLE `storypics`
  ADD PRIMARY KEY (`pStoryId`),
  ADD KEY `questId` (`questId`);

--
-- Indexes for table `storytexts`
--
ALTER TABLE `storytexts`
  ADD PRIMARY KEY (`tStoryId`),
  ADD KEY `lSpriteId` (`lSpriteId`),
  ADD KEY `rSpriteId` (`rSpriteId`),
  ADD KEY `questId` (`questId`);

--
-- Indexes for table `usergroups`
--
ALTER TABLE `usergroups`
  ADD PRIMARY KEY (`groupId`);

--
-- Indexes for table `users`
--
ALTER TABLE `users`
  ADD PRIMARY KEY (`userId`);

--
-- Indexes for table `wavemonsters`
--
ALTER TABLE `wavemonsters`
  ADD PRIMARY KEY (`waveId`,`mobId`),
  ADD KEY `mobId` (`mobId`);

--
-- Indexes for table `waves`
--
ALTER TABLE `waves`
  ADD PRIMARY KEY (`waveId`),
  ADD KEY `questId` (`questId`);

--
-- AUTO_INCREMENT for dumped tables
--

--
-- AUTO_INCREMENT for table `admins`
--
ALTER TABLE `admins`
  MODIFY `adminId` int(11) NOT NULL AUTO_INCREMENT, AUTO_INCREMENT=4;

--
-- AUTO_INCREMENT for table `backgroundpics`
--
ALTER TABLE `backgroundpics`
  MODIFY `bgPicId` int(11) NOT NULL AUTO_INCREMENT, AUTO_INCREMENT=23;

--
-- AUTO_INCREMENT for table `battlesdetail`
--
ALTER TABLE `battlesdetail`
  MODIFY `bDescId` int(11) NOT NULL AUTO_INCREMENT, AUTO_INCREMENT=23;

--
-- AUTO_INCREMENT for table `chapters`
--
ALTER TABLE `chapters`
  MODIFY `chId` int(11) NOT NULL AUTO_INCREMENT, AUTO_INCREMENT=6;

--
-- AUTO_INCREMENT for table `characters`
--
ALTER TABLE `characters`
  MODIFY `charId` int(11) NOT NULL AUTO_INCREMENT, AUTO_INCREMENT=9;

--
-- AUTO_INCREMENT for table `choices`
--
ALTER TABLE `choices`
  MODIFY `choiceId` int(11) NOT NULL AUTO_INCREMENT, AUTO_INCREMENT=303;

--
-- AUTO_INCREMENT for table `elements`
--
ALTER TABLE `elements`
  MODIFY `elemId` int(11) NOT NULL AUTO_INCREMENT, AUTO_INCREMENT=9;

--
-- AUTO_INCREMENT for table `library`
--
ALTER TABLE `library`
  MODIFY `bookId` int(11) NOT NULL AUTO_INCREMENT, AUTO_INCREMENT=19;

--
-- AUTO_INCREMENT for table `monsters`
--
ALTER TABLE `monsters`
  MODIFY `mobId` int(11) NOT NULL AUTO_INCREMENT, AUTO_INCREMENT=40;

--
-- AUTO_INCREMENT for table `options`
--
ALTER TABLE `options`
  MODIFY `optionId` int(11) NOT NULL AUTO_INCREMENT, AUTO_INCREMENT=1135;

--
-- AUTO_INCREMENT for table `players`
--
ALTER TABLE `players`
  MODIFY `playerId` int(11) NOT NULL AUTO_INCREMENT, AUTO_INCREMENT=500;

--
-- AUTO_INCREMENT for table `questcategories`
--
ALTER TABLE `questcategories`
  MODIFY `qCatId` int(11) NOT NULL AUTO_INCREMENT, AUTO_INCREMENT=4;

--
-- AUTO_INCREMENT for table `questprogress`
--
ALTER TABLE `questprogress`
  MODIFY `qproId` int(11) NOT NULL AUTO_INCREMENT, AUTO_INCREMENT=2103;

--
-- AUTO_INCREMENT for table `quests`
--
ALTER TABLE `quests`
  MODIFY `questId` int(11) NOT NULL AUTO_INCREMENT, AUTO_INCREMENT=55;

--
-- AUTO_INCREMENT for table `questtypes`
--
ALTER TABLE `questtypes`
  MODIFY `qTypeId` int(11) NOT NULL AUTO_INCREMENT, AUTO_INCREMENT=4;

--
-- AUTO_INCREMENT for table `quizzes`
--
ALTER TABLE `quizzes`
  MODIFY `quizId` int(11) NOT NULL AUTO_INCREMENT, AUTO_INCREMENT=168;

--
-- AUTO_INCREMENT for table `resistvalues`
--
ALTER TABLE `resistvalues`
  MODIFY `resId` int(11) NOT NULL AUTO_INCREMENT, AUTO_INCREMENT=7;

--
-- AUTO_INCREMENT for table `skills`
--
ALTER TABLE `skills`
  MODIFY `skillId` int(11) NOT NULL AUTO_INCREMENT, AUTO_INCREMENT=9;

--
-- AUTO_INCREMENT for table `sortprogress`
--
ALTER TABLE `sortprogress`
  MODIFY `sproId` int(11) NOT NULL AUTO_INCREMENT, AUTO_INCREMENT=568;

--
-- AUTO_INCREMENT for table `sprites`
--
ALTER TABLE `sprites`
  MODIFY `spriteId` int(11) NOT NULL AUTO_INCREMENT, AUTO_INCREMENT=28;

--
-- AUTO_INCREMENT for table `stages`
--
ALTER TABLE `stages`
  MODIFY `stageId` int(11) NOT NULL AUTO_INCREMENT, AUTO_INCREMENT=14;

--
-- AUTO_INCREMENT for table `storypics`
--
ALTER TABLE `storypics`
  MODIFY `pStoryId` int(11) NOT NULL AUTO_INCREMENT, AUTO_INCREMENT=32;

--
-- AUTO_INCREMENT for table `storytexts`
--
ALTER TABLE `storytexts`
  MODIFY `tStoryId` int(11) NOT NULL AUTO_INCREMENT, AUTO_INCREMENT=2349;

--
-- AUTO_INCREMENT for table `usergroups`
--
ALTER TABLE `usergroups`
  MODIFY `groupId` int(11) NOT NULL AUTO_INCREMENT, AUTO_INCREMENT=4;

--
-- AUTO_INCREMENT for table `users`
--
ALTER TABLE `users`
  MODIFY `userId` int(11) NOT NULL AUTO_INCREMENT, AUTO_INCREMENT=83;

--
-- AUTO_INCREMENT for table `waves`
--
ALTER TABLE `waves`
  MODIFY `waveId` int(11) NOT NULL AUTO_INCREMENT, AUTO_INCREMENT=151;

--
-- Constraints for dumped tables
--

--
-- Constraints for table `battlesdetail`
--
ALTER TABLE `battlesdetail`
  ADD CONSTRAINT `battlesdetail_ibfk_1` FOREIGN KEY (`questId`) REFERENCES `quests` (`questId`);

--
-- Constraints for table `chapters`
--
ALTER TABLE `chapters`
  ADD CONSTRAINT `chapters_ibfk_1` FOREIGN KEY (`qCatId`) REFERENCES `questcategories` (`qCatId`);

--
-- Constraints for table `characters`
--
ALTER TABLE `characters`
  ADD CONSTRAINT `characters_ibfk_1` FOREIGN KEY (`skillId`) REFERENCES `skills` (`skillId`),
  ADD CONSTRAINT `characters_ibfk_2` FOREIGN KEY (`spriteId`) REFERENCES `sprites` (`spriteId`),
  ADD CONSTRAINT `characters_ibfk_3` FOREIGN KEY (`requireQuest`) REFERENCES `quests` (`questId`);

--
-- Constraints for table `choices`
--
ALTER TABLE `choices`
  ADD CONSTRAINT `choices_ibfk_1` FOREIGN KEY (`quizId`) REFERENCES `quizzes` (`quizId`);

--
-- Constraints for table `elementresistance`
--
ALTER TABLE `elementresistance`
  ADD CONSTRAINT `elementresistance_ibfk_1` FOREIGN KEY (`mobId`) REFERENCES `monsters` (`mobId`),
  ADD CONSTRAINT `elementresistance_ibfk_2` FOREIGN KEY (`elemId`) REFERENCES `elements` (`elemId`),
  ADD CONSTRAINT `elementresistance_ibfk_3` FOREIGN KEY (`resId`) REFERENCES `resistvalues` (`resId`);

--
-- Constraints for table `elements`
--
ALTER TABLE `elements`
  ADD CONSTRAINT `elements_ibfk_1` FOREIGN KEY (`requireQuest`) REFERENCES `quests` (`questId`);

--
-- Constraints for table `groupmembers`
--
ALTER TABLE `groupmembers`
  ADD CONSTRAINT `groupmembers_ibfk_1` FOREIGN KEY (`groupId`) REFERENCES `usergroups` (`groupId`),
  ADD CONSTRAINT `groupmembers_ibfk_2` FOREIGN KEY (`userId`) REFERENCES `users` (`userId`);

--
-- Constraints for table `library`
--
ALTER TABLE `library`
  ADD CONSTRAINT `library_ibfk_1` FOREIGN KEY (`requireQuest`) REFERENCES `quests` (`questId`);

--
-- Constraints for table `monsters`
--
ALTER TABLE `monsters`
  ADD CONSTRAINT `monsters_ibfk_1` FOREIGN KEY (`spriteId`) REFERENCES `sprites` (`spriteId`);

--
-- Constraints for table `options`
--
ALTER TABLE `options`
  ADD CONSTRAINT `options_ibfk_1` FOREIGN KEY (`choiceId`) REFERENCES `choices` (`choiceId`);

--
-- Constraints for table `players`
--
ALTER TABLE `players`
  ADD CONSTRAINT `players_ibfk_1` FOREIGN KEY (`userId`) REFERENCES `users` (`userId`),
  ADD CONSTRAINT `players_ibfk_2` FOREIGN KEY (`charId`) REFERENCES `characters` (`charId`);

--
-- Constraints for table `questprogress`
--
ALTER TABLE `questprogress`
  ADD CONSTRAINT `questprogress_ibfk_1` FOREIGN KEY (`userId`) REFERENCES `users` (`userId`),
  ADD CONSTRAINT `questprogress_ibfk_2` FOREIGN KEY (`questId`) REFERENCES `quests` (`questId`);

--
-- Constraints for table `quests`
--
ALTER TABLE `quests`
  ADD CONSTRAINT `quests_ibfk_2` FOREIGN KEY (`bgPicId`) REFERENCES `backgroundpics` (`bgPicId`),
  ADD CONSTRAINT `quests_ibfk_3` FOREIGN KEY (`stageId`) REFERENCES `stages` (`stageId`),
  ADD CONSTRAINT `quests_ibfk_4` FOREIGN KEY (`qTypeId`) REFERENCES `questtypes` (`qTypeId`);

--
-- Constraints for table `quizzes`
--
ALTER TABLE `quizzes`
  ADD CONSTRAINT `quizzes_ibfk_1` FOREIGN KEY (`lSpriteId`) REFERENCES `sprites` (`spriteId`),
  ADD CONSTRAINT `quizzes_ibfk_2` FOREIGN KEY (`rSpriteId`) REFERENCES `sprites` (`spriteId`),
  ADD CONSTRAINT `quizzes_ibfk_3` FOREIGN KEY (`questId`) REFERENCES `quests` (`questId`),
  ADD CONSTRAINT `quizzes_ibfk_4` FOREIGN KEY (`testElemId`) REFERENCES `elements` (`elemId`);

--
-- Constraints for table `shownelementresistance`
--
ALTER TABLE `shownelementresistance`
  ADD CONSTRAINT `shownelementresistance_ibfk_1` FOREIGN KEY (`bDescId`) REFERENCES `battlesdetail` (`bDescId`),
  ADD CONSTRAINT `shownelementresistance_ibfk_2` FOREIGN KEY (`elemId`) REFERENCES `elements` (`elemId`),
  ADD CONSTRAINT `shownelementresistance_ibfk_3` FOREIGN KEY (`resId`) REFERENCES `resistvalues` (`resId`);

--
-- Constraints for table `skills`
--
ALTER TABLE `skills`
  ADD CONSTRAINT `skills_ibfk_1` FOREIGN KEY (`elemId`) REFERENCES `elements` (`elemId`);

--
-- Constraints for table `sortprogress`
--
ALTER TABLE `sortprogress`
  ADD CONSTRAINT `sortprogress_ibfk_1` FOREIGN KEY (`userId`) REFERENCES `users` (`userId`),
  ADD CONSTRAINT `sortprogress_ibfk_2` FOREIGN KEY (`sortId`) REFERENCES `elements` (`elemId`);

--
-- Constraints for table `stages`
--
ALTER TABLE `stages`
  ADD CONSTRAINT `stages_ibfk_1` FOREIGN KEY (`chId`) REFERENCES `chapters` (`chId`);

--
-- Constraints for table `storypics`
--
ALTER TABLE `storypics`
  ADD CONSTRAINT `storypics_ibfk_1` FOREIGN KEY (`questId`) REFERENCES `quests` (`questId`);

--
-- Constraints for table `storytexts`
--
ALTER TABLE `storytexts`
  ADD CONSTRAINT `storytexts_ibfk_1` FOREIGN KEY (`lSpriteId`) REFERENCES `sprites` (`spriteId`),
  ADD CONSTRAINT `storytexts_ibfk_2` FOREIGN KEY (`rSpriteId`) REFERENCES `sprites` (`spriteId`),
  ADD CONSTRAINT `storytexts_ibfk_3` FOREIGN KEY (`questId`) REFERENCES `quests` (`questId`);

--
-- Constraints for table `wavemonsters`
--
ALTER TABLE `wavemonsters`
  ADD CONSTRAINT `wavemonsters_ibfk_1` FOREIGN KEY (`waveId`) REFERENCES `waves` (`waveId`),
  ADD CONSTRAINT `wavemonsters_ibfk_2` FOREIGN KEY (`mobId`) REFERENCES `monsters` (`mobId`);

--
-- Constraints for table `waves`
--
ALTER TABLE `waves`
  ADD CONSTRAINT `waves_ibfk_1` FOREIGN KEY (`questId`) REFERENCES `quests` (`questId`);
COMMIT;

/*!40101 SET CHARACTER_SET_CLIENT=@OLD_CHARACTER_SET_CLIENT */;
/*!40101 SET CHARACTER_SET_RESULTS=@OLD_CHARACTER_SET_RESULTS */;
/*!40101 SET COLLATION_CONNECTION=@OLD_COLLATION_CONNECTION */;
